publishedAt,authorDisplayName,textDisplay,likeCount
2020-06-11T07:00:29Z,BANG 4D1,"Halo, setelah kita memverifikasi dan pindah ke a1, apakah Bapak/Ibu/siswa  bisa mengklaim kredit dari azure sebagai pengajar/siswa?",0
2020-06-05T20:21:41Z,Rowland David,Selamat pagi bu....tapi aplikasi ini khan berbayar setiap bulannya dan menjalankannya hrs secara online. <br>Pertanyaan saya apakah aplikasi ini bisa dijalankan secara offline dan gratis permanen <br>Terima kasih atas infonya bu..,0
2020-05-29T14:21:28Z,SEKAWAN Centre,yg mempelajari ini saat darurat covid-19 mana jempolnyaaaaa???,0
2019-05-18T04:08:30Z,Sahabat Pembelajar,Yang saya punya masih A5 hanya 25 user. Bagaimana cara mengubah ke A1 agar free untuk semua user?,0
2019-05-28T03:42:04Z,MariBelajar,"Hi Sahabar Pembelajar, bisa mengikuti panduan yang ada di sini: <a href=""https://medium.com/visiblelearningdesigns/how-to-get-microsoft-office-365-for-your-school-for-free-part-3-of-3-7568378f1c80"">https://medium.com/visiblelearningdesigns/how-to-get-microsoft-office-365-for-your-school-for-free-part-3-of-3-7568378f1c80</a>",0
2018-08-28T14:08:46Z,NUR IRFANI,Terimakasih sangat bemanfaat... Tutorial aetting dns dong... Gagalnya di situ terus...,0
2019-05-28T03:45:19Z,MariBelajar,"Hi Pika Movie, bisa mengikuti panduan yang ada di sini: <a href=""http://maribelajar.org/webinar/7-langkah-memulai-menerapkan-office-365-for-education-di-sekolah/"">http://maribelajar.org/webinar/7-langkah-memulai-menerapkan-office-365-for-education-di-sekolah/</a>",0
