publishedAt,authorDisplayName,textDisplay,likeCount
2021-03-11T03:45:13Z,FAIZAH BINTI ISHAK KPM-Guru,TRIMA KSIH SAHABAT,0
2021-01-18T06:04:03Z,Quotes.Hearts,Kak di playstore instal nya yang mana,0
2021-02-01T08:59:05Z,MariBelajar,untuk di playstore belum support kak,0
2020-10-27T03:08:07Z,Vivit Resniawati,Publihsher 2012,1
2020-08-09T14:01:57Z,R,Willows has a great experience with a good idea and I think that is a great thing,2
2020-01-13T22:26:32Z,Aliodaz,"Yah, Publisher saya masih tahun 2007:(",1
2019-01-20T12:08:27Z,Salsabila Putri Ramadhani,Microsoft Publisher yang tahun berapa?,1
2019-01-31T04:10:10Z,MariBelajar,Publisher 2013 ke atas kakak,0
