,Steming,Text_Inggris
0,selamat,Happy
1,kakak maribelajar uang saku,"Brother, let's learn pocket money"
2,tolong tag kakak,please tag brother
3,kakmaaf kakak,I'm sorry brother
4,selamat malam kakak mohon maaf ganggu buka link format surat nyata tanggung mutlak mahasiswa isi susah hapus sedia harap link tanggal terima kasih,"Good evening, bro, sorry for disturbing you, open the link, real letter format, student's absolute responsibility, content, hard to delete, ready, please link date, thank you"
5,juta bulan,million a month
6,scraping bahasa python,Python language scraping
7,kakak ayo ikut giat,"Brother, let's join in"
8,takut narsumnya,afraid of his narsum
9,mantaaap kakak lupa hadirr,"great, bro, forgot to be there"
10,main menkrep,playing crepe
11,paket kursus cepat,fast course package
12,hi kakak latih batchnya,"hi bro, practice the batch"
13,lembaga daftar perintah,command list agency
14,sertifikat daftar bnsp,bnsp registration certificate
15,halo kakak usaha daftar lembaga latih kerja teknologi informasi komunikasi swasta indonesia,"hello business brothers, register for Indonesian private information and communication technology job training institutions"
16,power bi pakai teliti kualitatif wawancara susun makna dll ukur puas tamu kualitatif,"power bi uses thorough qualitative interviews to construct meaning, etc. to measure guest satisfaction qualitatively"
17,coba daftar koq adacemail masuk iya,Try registering and there's an email coming in. Yes
18,kakak analisis kualitatif power bi text analysts ukur feedback tamu sentiment analysis power bi contoh ukur feedback positif negatif ajar ayo daftar ikut webinar analisis data power bi tunggu hadir kakak,"Brother qualitative analysis Power BI text analysts measure guest feedback sentiment analysis Power BI examples of measuring positive negative feedback teach Come on, register for the Power Bi data analysis webinar, wait to attend Brother"
19,hi kakak mohon maaf tidak nyaman masuk kotak masuk email tim kirim via whatsapp mohon periksa kakak terima kasih,"Hi bro, sorry it's not convenient to enter the team's email inbox, send via WhatsApp, please check, thank you"
20,masuk wa bayar,come in and pay
21,bagus wa intens website webiste wa,nice wa intense wa website
22,hi kakak tunggu unggah turn on notifications lewat,"hi bro, wait for the upload, turn on notifications will pass"
23,habis kuota,quota exhausted
24,uang saku min,pocket money min
25,izin min jadwal ajar,"permission, min, teaching schedule"
26,offering mitra tanggal kakak,offering partner date sister
27,umum yad status pendaftatanku ubah masihsudah daftar,"In general, my registration status has changed, I'm still registered"
28,ayo bismillah maribelajar proses pendaftarankuubiar terima disiniii,"Come on, Bismillah, let's learn the registration process, I'll accept it here"
29,kelompok ajar kakak,sister's teaching group
30,uang bantu uang saku kakak,money helps brother's pocket money
31,lolos kakak,get away bro
32,lolos kakak,get away bro
33,lolos kakak,get away bro
34,ambil kakak,take it brother
35,microsoft platform developer,Microsoft Platform Developer
36,umum mana kakak,where's the general bro?
37,gmail cek web kampus merdeka kakak,"Gmail, check the Independent Campus website, brother"
38,samaa kakak,Same brother
39,info info kelompok wa,wa group info info
40,beluum kakak,not yet bro
41,adminnya informasi sampein waemail kelompok officialnya,The admin sends the information via email to the official group
42,lolos msib ambil tawar mari ajar microsoft,pass msib take the bargain let's teach microsoft
43,kakak kelompok wa coba cek,"WA group brothers, try checking"
44,lolos kakak,get away bro
45,wahh keren banget kakak,"wow, that's really cool, bro"
46,mantab,great
47,izin share kakak,permission to share bro
48,sila kakak,please bro
49,kereeen,cool
50,selamat maribelajar bangga mentee maribelajar batch,congratulations maribelajar proud mentee maribelajar batch
51,terima kasih kakak ajar tumbuh,"Thank you, brother, teach me how to grow"
52,terima kasih kakak,Thank you brother
53,mbak ningggg,sis ningggg
54,min offline,min offline
55,what language is it,what language is it
56,indonesian,Indonesian
57,cek pesan,check messages
58,done kakak,done bro
59,cek pesan min,check my message
60,cek pesan,check messages
61,cek pesan kakak mohon,"Check your message, bro, please"
62,umum lolos studi independen min,general pass independent study min
63,hi dear umum terima platform kampus merdeka tanggal februari mohon cek akun kala,"Hi dear, general to receive the Independent Campus platform on February, please check your account"
64,done kakak,done bro
65,kakak,Older brother
66,done kakak,done bro
67,terimakasih kakak admin informasi,"Thank you, admin, for the information"
68,kakak izin terima terang platform proses ubah,"Brother, please accept the platform for the change process"
69,maaf kakak cek pesan,"Sorry bro, check the message"
70,min mohon cek pesan terimakasih,"Min, please check the message, thank you"
71,min mohon cek pesan terimakasih,"Min, please check the message, thank you"
72,lolos program sib masuk kelompok,passed the sib program and entered the group
73,halo kakak grup,hello group brothers
74,lolos,get away
75,cek pesan kakak,check your message bro
76,lolos informasi email,pass email information
77,cek pesan min,check my message
78,lolos komunikasi microsoft teams kelompok watele,pass microsoft teams communications watele group
79,titip kakak,leave it to your sister
80,kka lolos,you got away
81,kakak lolos,Brother escaped
82,lolos kakak,get away bro
83,lolos kakak,get away bro
84,cek pesan kakak,check your message bro
85,lolos kakak,get away bro
86,hi kakak email mohondapat periksa inboxspam email kakak terima kasih,"Hi bro, email, please check your email spam inbox, thank you"
87,kakak terima kasih,thank you brother
88,min online offline,min online offline
89,umum min,general min
90,hi kakak mohon kenan tunggu terima kasih,"hi brother, please wait, thank you"
91,hi kakak laksana ajar sepenuh jalan online terima kasih,"hi bro, like teaching all the way online, thank you"
92,lanjut seleksi tes min teman email tes,"Continue selecting the test, friend, email the test"
93,hi kakak uji wawas bineka email pretest arah periksa spam kakak terima kasih,"hi bro, test insight, pretest emails, directions, check spam, bro, thank you"
94,kakak pre test daftar posisi,"bro, pre-test, register for the position"
95,kakak lulus berkas spjtm kelulus pengaruh,Brother passed the SPJTM file and passed the influence
96,oohhh min,oohhh min
97,hi dear daftar buka daftar beberapa jalur ajar hasil pilih,"hi dear, register, open the list of several teaching paths, select results"
98,hi dear berkas sesuai syarat tentu,"hi dear, the file meets the requirements of course"
99,min maksud proses seleksi mahasiswa platform platform seleksi survey kebhinekaan,"Min, what is meant by the diversity survey selection platform student selection process?"
100,kakak email pre test nyata lolos,bro email pre test actually passed
101,uang saku,pocket money
102,min tes webnya nyandet min kurang gabisa ulang min koneksi lancar,"Min, the website test is stuck, min, I can't restart, min, the connection is smooth"
103,khusus mahasiswa,especially students
104,hi kakak,hi brother
105,hi kakak tahap pretest validasi tahap konfirmasi lolos pretest email lgsng seleksi platform,"Hi bro, pretest stage, validation, confirmation stage, passing the pretest, direct email, platform selection"
106,platform kampus merdeka kakak,Brother's independent campus platform
107,umum platform kampus merdeka kakak,"general platform of the independent campus, brother"
108,terima,accept
109,kakak,Older brother
110,terjawwb kakak,answered bro
111,what language is it,what language is it
112,bahasa,Language
113,permisi kakak izin daftar kampus merdeka tanggal kakak,"Excuse me, bro, permission to register for the independent campus date, bro"
114,hi dear tanggal januari,hi dear January date
115,halo kakak tahap tes seleksi,"hello bro, selection test stage"
116,jam ajar kakak,brother's teaching hours
117,hi kakak proses seleksi liput seleksi administrasi pretest uji paham terkair jalur ajar pilih konfirmasi platform uji wwawasan kebhinekaan umum final terima kasih,"hi bro, the selection process covers administrative selection, pretest, related understanding test, teaching path, select confirmation, final general diversity insight test platform, thank you"
118,hi kakak laksana layak kuliah senin sd jumat jam variasi pkl sd terima kasih,"Hi, bro, it's like it's worth going to college Monday to Friday, varying hours for elementary school, thank you"
119,umum tes min daftar kirim min,general test min register send min
120,iya ikut data analyst syarat khusus spesifikasi laptop jurus mata kuliah ditempug,"Yes, along with the data analyst, the special requirements for laptop specifications for the courses are met"
121,terima kasih kakak,Thank you brother
122,permisi kakak proses seleksi informasi email daftar website mbkm status proses,"Excuse me bro, selection process, email information, mbkm website list, process status"
123,halo kakak daftar platform kampus merdeka email pretest lulus administrasi,"hello bro, register for the independent campus platform, pretest email, pass the administration"
124,proses seleksi dimulaimenunggu batas daftar tanggal,"The selection process begins, waiting for the registration deadline date"
125,info lanjut,further information
126,hi kakak seleksi parallel administrasi uji tahu dasarterima kasih,"Hi bro, parallel selection, basic knowledge test administration, thank you"
127,hi kakak mohon tunggu kakak,hi brother please wait brother
128,hi kakak mohon tunggu iya,"hi bro, please wait"
129,hi kakak mohon tunggu informasi,"hi brother, please wait for information"
130,hi kakak kakak syarat dukung lancar sertifikasi internasional,"Hi brothers and sisters, requirements for smooth support for international certification"
131,terimakasih info kakak,thanks for the info bro
132,hi kakak kirim via email shg mohon periksa emaik abik inbox spam terima kasih,"Hi bro, send via email so please check your spam inbox, thank you"
133,kakak terimakasih informasi,"bro, thanks for the information"
134,halo kakak izin daftar posisi email pretest isi duaduanya link pretesnya apaapa kakak,"hello bro, permission to register for the pretest email position, fill in both pretest links, bro"
135,izin admin email pretest posisi salah satu,admin permission email pretest position one
136,mac osx monterey aman kakak,mac osx monterey is safe bro
137,email mohon cerah min,email please brighten up min
138,hi kakak cukul posisi lamar sila sesuai jalur ajar lamar terima kasih,"Hi, bro, please apply for the position according to the teaching route, thank you"
139,min kirim kerja masalah min,please send me your problem work
140,kakak,Older brother
141,izin min daftar email test survei kebhinekaan,Min's permission to register for the diversity survey email test
142,hi dear berkas sptjmsr sesuai pretest kirim tanggal januari kemarin mohon pasti periksa folder spam promosi terima kasih,"hi dear, the sptjmsr file according to the pretest was sent last January, please check the promotional spam folder, thank you"
143,terimakasih konfirmasi email pemberitahuan apa cek berkas terimakasih,"Thank you, confirm your notification email or check your file. Thank you"
144,mohon izin kakak konfirmasi platform kakak,Please allow me to confirm your platform
145,admin tolong baca pesan,admin please read the message
146,uang saku program min,program allowance min
147,keren banget daftar deh,it's really cool to register
148,what language is it,what language is it
149,hallo kakak tahap seleksi jadwal ajar,"Hello bro, teaching schedule selection stage"
150,hi kakak tahap seleksi liput seleksi administrasi lanjut pretest tahu dasar nyata softskill and plan for future umum jadwal kakak prinsip laksana persis kuliah uts uas program mnggantikan aktivitas kuliah semester konversi sks terima kasih,"hi bro, selection stage, selection coverage, advanced administration, pretest, know the real basics of soft skills and plans for the future, general schedule, bro, the principles are exactly like the UTS UAS lectures, the program replaces semester lecture activities, credit conversion, thank you"
151,hallo kakak kuliah matkul wajib ambil,"Hello bro, you have to take the courses you have to take"
152,hi dear matkul wajib ambil boleh catat sks konversi,"hi dear, you have to take the math, can you note down the conversion credits"
153,hi kakak daftar buka sd januari saran daftar ikut seleksi tahap terima kasih,"Hi bro, registration is open in January, suggestions for registering to take part in the selection stage, thank you"
154,kakak panjang daftar,it's a long list bro
155,certificate data certificate min,certificate data certificate min
156,kakak studi independen batch buka,sister independent study batch open
157,hi kakak buka kakak sila daftar taut terima kasih,"hi bro, open bro, please register the link, thank you"
158,hi kakak kakak salah terima kasih,"hi brother, you are wrong, thank you"
159,astagfirullah batesnya januari min balas januari,"Oh my God, the deadline will be in January, please reply in January"
160,min baik web lowong kmren tercantoll tambah ijazah,"Min, it's good that the KMREN vacancies website is linked to adding a diploma"
161,hi coba unggah berkas maksud mohon pesan nama lengkap terimakasih,"Hi, try uploading the file, please send full name, thank you"
162,min lowong kmren proses terima tolong tolak ngedit ijazah,"Min, it's vacant in the acceptance process, please refuse to edit the diploma"
163,min email mari ajar logout login ngak minmohon informasi,"admin, email, let's teach you to log out, login, don't ask for information"
164,hi kakak akun maribelajar non aktif,"Hi bro, the maribelajar account is inactive"
165,baik file simpan situ min sertif yamg unduh pemberitahuan nonaktif bantu,ok file save there min certificate yamg download inactive notice help
166,hi kakak mohon periksa pesan kait sertifikat unduh signin,hi bro please check signin download certificate hook message
167,mahasiswa,student
168,hi kakak boleh,"hi bro, you can"
169,sertifikat,certificate
170,hallo kakak sertifikat serta ikut challenge,"Hello brother, certificate and take part in the challenge"
171,moga lolos,hope it passes
172,umum,general
173,kakak,Older brother
174,kakak lolos lolos email,sister got through the email
175,memang tes uman,it's a general test
176,tes tanggal,test date
177,permisi lolos kelompok cakap,excuse me to pass the skill group
178,bantu kakak,help brother
179,terimakasih infony,thanks for the info
180,kakak lolos rekening,Brother passed the account
181,halo kakak kakak lolos program studi independen kakak,"hello brother, brother passed the independent study program, brother"
182,info lolos kakak,info passed bro
183,parah banget pilih rangin tanggungjawab tolak tmpt knpa tibatiba rangin nyata lolos,"It's really bad to choose a person who is responsible for refusing to take the place, why suddenly the real person passes"
184,kakak,Older brother
185,reportttt susah,reporting is difficult
186,parahh banget iniii,this is really bad
187,hi admin sedih kecewa kurang kuota tolak tawar isi krs harap umum batal rencana terima kasih,"Hi admin, sad, disappointed, lack of quota, refuse to bargain for KRS contents, please cancel plans, thank you"
188,mohon lolos tibatiba lolos,please escape suddenly escape
189,lolos,get away
190,lolos kakak,get away bro
191,rezeki kakak,brother's fortune
192,izin kakak email lolos,Brother's email permission passed
193,kakak tes tanggal,test date bro
194,tanggal juli kakak info,July date bro info
195,kemarin tanggal agustus kakak info,"Yesterday was August, bro"
196,pagi min terima email masuk telegram min isi formulir loa,"Morning, I received an incoming Telegram email. Please fill in the LOA form"
197,izin kemarin tanggal isi loa survey kebhinekaan umum,yesterday's permit was the date for filling out the general diversity survey loa
198,hallo min izin mahasiswa lolos gabung kelompok program jalan arah mohon balas iya,"hello, min, permission for students to qualify to join the walking direction program group, please reply yes"
199,halo admin program studi idependen cloud administrator grub telewams team akun kampus merdeka giat lapor hari coba cakap wa dibales,hello admin study program idependent cloud administrator grub telewams team independent campus account actively report today try to speak wa reply
200,maribelajar respon lari tanggung niat program kampusmerdeka mending gabung kasihan mahasiswa digantungin,"let's learn the response to run and take responsibility for the intention of the independent campus program, it's better to join, it's a pity that the students are hanging on"
201,siang admin lolos studi independen microsoft application maker kelompok informasi,afternoon admin passed the independent study of the Microsoft Application Maker Information Group
202,data analist kelompok,group analysis data
203,lolos data analyst kakak lanjut,"passed the data analyst, brother, continue"
204,tunggu email pesan dibales,Wait for the email message to be answered
205,info email data analytic,email info analytical data
206,hai dear cek email kirim informasi baru,"Hi dear, check your email and send new information"
207,hai dear informasi kelompok email mohon cek,Hi dear email group information please check
208,hai dear mohon cek email kirim informasi baru,"Hi dear, please check your email to send new information"
209,hallo dear mohon luncur email kirim id masuk kelompok,"hello dear, please launch an email and send the group entry ID"
210,hallo kakak program on boarding nasional cek email informasi,"hello brother, national on boarding program, check email information"
211,terima khusus program data analyst,receive a special data analyst program
212,cari teman program,look for program friends
213,data analysts,data analysts
214,data analyst info iya,data analyst info yes
215,lihat jadwal ajar jam cycle batch,see the teaching schedule for cycle batch hours
216,halo min info kait laksana program studi independen jalur data analysts kirim email kait laksana program,hello min info hook like an independent study program track data analysts send email hook like a program
217,kakak twibbon selebrasi mbkm cycle sib mitra,Big brother twibbon celebrating mbkm cycle sib partner
218,umum cycle batch program cloud administrator umum detik email apa mohon informasi,general cycle batch program cloud administrator general second email what information please
219,moga lolos,hope it passes
220,pretest tes min,pretest test min
221,ngerjain pretest info kirakira min,"do the pretest for the information, min"
222,umum diterimatidaknya pretest diberitahukan email kakak,"In general, whether the pretest is accepted or not, you will be notified by email"
223,pretest umum kakak,general pretest brother
224,mohon maaf kakak ikut pretest minggu umum lolos tidak kakak,"I'm sorry, bro, did you pass the general week pretest?"
225,moga lolos,hope it passes
226,kakak ikut pretestnya,Brother took the pretest
227,kakak info tahap,stage info bro
228,daftar pathway kakak,"Register your pathway, bro"
229,kakak pasti info terima pretest,I'm sure you'll receive the pretest information
230,microsoft batch kakak,Microsoft batch bro
231,umum kah,general?
232,kakak tunggu,wait bro
233,moga lolos,hope it passes
234,halo selamat sore bapakibu kenal salsabilla putri arista member mari ajar microsoft msib angkat kampus merdeka izin kait sertifikat maribelajar angkat akses bagaiamana download sertifikat bapakibu terimakasih,hello good afternoon ladies and gentlemen know salsabilla putri arista member let's teach microsoft msib raise independent campus permission hook certificate let's learn lift access how to download certificate ladies and gentlemen thank you
235,cek pesan,check messages
236,daftar email test kakak,"register for your test email, bro"
237,hallo kakak mohon cek email kala tahap proses seleksi berkas,"Hello bro, please check your email during the file selection process"
238,bach intteligence cloud cloud ambil program yya kakak beda program kakak,"bach intelligence cloud cloud take the program, bro, it's a different program, bro"
239,min,min
240,kakak daftar status daftar kakak,brother register status register brother
241,admin link pre test msib cycle buka link,admin link pre test msib cycle open link
242,jadwal hari lihat mana min,"See which day's schedule, min"
243,jadwal kelas pagimalam min,morning and evening class schedule min
244,nunggu msib min,"waiting for you, min"
245,tunggu informasi,wait for information
246,waww tingkyuu min,wow tingkyuu min
247,maribelajar buka studi independen min nunggu banget tanggal buka track harepin,"let's learn to open an independent study, min, I'm really waiting for the opening date of the harepin track"
248,banget,very
249,cek pesan kakak,check your message bro
250,hallo kakak buka daftar studi independen cycle lupa daftar jumpa kelas,"hello bro, open the cycle independent study list, forgot to register to meet class"
251,done kakak,done bro
252,min komennya limit min vibicloud,"Min, comments are limited, min Vibicloud"
253,pertamax pertamaxx,Pertamax Pertamaxx
254,career maribelajar,career let's study
255,sedia jenjang didik kakak,"ready for your education, brother"
256,ijazah daftar,registration certificate
257,wahh mantap lupa kunjung profil iya,"Wow, that's great, forgot to visit my profile"
258,halo kakak admin daftar april daftar kah,"hello, admin, register in April, register?"
259,halo kakak email tunggu kakak,hello bro email waiting bro
260,hallo kakak daftar gelombang daftar cek email kala informasi bagi kelas,"hello bro, register for the wave, check email for information for the class"
261,kakak terima kasih kakak,"brother, thank you brother"
262,keren,Cool
263,keren selamat menang,"cool, congratulations on winning"
264,mantapp,great
265,terima kasih tuhan kari,thank god curry
266,bayar gratis kakak,pay for free bro
267,gratis kakak,it's free bro
268,uang saku tulis juta bulan ubah ribu bulan,pocket money write million a month change thousand a month
269,hallo kakak lupa ikut jelas kait uang saku besok iya,"hello, bro, forgot to come and explain the pocket money tomorrow, okay?"
270,review batch mari ajar,review batch let's teach
271,min tolong cek pesan,"Min, please check the message"
272,done kakak,done bro
273,hai admin tolong cek pesan,hi admin please check messages
274,angka romawi angka min tata letak guna banget skripsi reels,Roman numerals min numerals really useful layout reels thesis
275,hi kakak terima kasih masuk tampung,"Hi, brother, thank you for coming"
276,batch kemarin program modern productivity bantu banget ikut studi independent skripsianthankyou maribelajar,"Yesterday's batch of the Modern Productivity program really helped me to take part in independent script studies. Thank you, let's learn"
277,pakai daftar isi,use the table of contents
278,tutor suhu,temperature tutor
279,aduh kalah suhu,"ouch, I lost the temperature"
280,min tnya mngenai sptjm msib format ganti ckup nama ybs kop surat,"I'm asking about the SPTJM MSib format, just change the name of the person on the letterhead"
281,dengar papar materi ttd wakil rektor sptjm digital respon kampus tuntut,"listen to the material presented by the vice chancellor, SPTJM Digital, campus response to demands"
282,super bantu min,super helpful min
283,tnya min sptjm wkil direktur mahasiswa maksud wakil rektor wakil dekan,"Min asked what the deputy director of students meant by the vice chancellor, deputy dean"
284,yeay,yeah
285,hi kakak tanda tangan level universitas kakak wakil rektor,"hi brother, signature at the university level, brother, vice chancellor"
286,ringan wakil dekan sj min warek susah lumayan susah temu ddline februari batas up berkas,"It's easy, Deputy Dean SJ, Min Warek, it's quite difficult to find DDline in February, the file deadline is up"
287,periode giat kontrak masuk min feb juni,"Contract active period enters May, February, June"
288,iyaa banget was,"yeah, that's really great"
289,permisi kakak surat rekomendasi ditandatangani kaprodi dekan fakultas mohon konfirmasi terima kasih,"Excuse me bro, letter of recommendation signed by the head of study program, dean of the faculty, please confirm, thank you"
290,min silabuscapaian program min,min syllabus program achievements min
291,hi kakak besok bagi kelas virtual terimakasih,"Hi bro, tomorrow we will have a virtual class, thank you"
292,hi kakak,hi brother
293,hi kakak kait masalah langsng hubung kampus merdeka via tawkto pop up cakap platform sembari masalah kampus merdeka terimakasih,"hi bro, if you have a problem, contact the independent campus directly via tawkto, pop up chat platform while having problems with the independent campus, thank you"
294,kakak terimakasih,thank you brother
295,min nonton ulang onboarding mana,"Min, where to re-watch onboarding"
296,min umum lolos daftar terang seleksi,Min general passed the selection bright list
297,halo kakak izin pic kampus perlu konfirmasi konversi sks,"hello bro, campus pic permission requires confirmation of credit conversion"
298,hi kakak kirim progress ajar mhasiswa shg termonitoring kampus terimakasih,"Hi, bro, send me your student teaching progress so that it is monitored on campus, thank you"
299,mohon maaf kakak izin nama email nomor hp pic kampus teman terimakasih,"Sorry, bro, permission, name, email, cellphone number, pic, campus, friend, thank you"
300,halo kakak admin orang,hello brother admin people
301,hi kakak syafa kenan kakak sila daftar,"Hi, Syafa, you're welcome, please register"
302,min tolong cek pesan terimakasih,"Min, please check the message, thank you"
303,oke kakak,"okay, brother"
304,selamat malam kakak mohon maaf ganggu buka link format surat nyata tanggung mutlak mahasiswa isi susah hapus sedia harap link tanggal terima kasih,"Good evening, bro, sorry for disturbing you, open the link, real letter format, student's absolute responsibility, contents, hard to delete, ready, please link date, thank you"
305,maksud,Meaning
306,halo kakak surat nyata tanggung mutlak unduh website maribelajarcoid,"hello brother, real letter of absolute responsibility, download the maribelajarcoid website"
307,oke kakak mohon maaf repot,"okay bro, sorry for the trouble"
308,halo min tolong cek pesan,hello min please check the message
309,min gmail kait ikut on boarding arti kirim,min gmail hook up on boarding meaning send
310,jam kerja min sayang relaynya youtube,"Min's working hours, unfortunately the relay is YouTube"
311,halo min tolong cek pesan iya terima kasih,hello min please check the message yes thank you
312,halo min tolong cek pesan terima email undang on boarding akun microsoft jalur daftar terimakasih,hello min please check the message receive email invite on boarding microsoft account registration path thank you
313,hi kakak abai email email sesuai jalur ajar kakak pilih kirimkanterima kasih,"hi, bro, ignore the email, email according to the route you taught me, choose send, thank you"
314,hi kakak sila cek email,"hi bro, please check your email"
315,cek pesan min tolong,check my message please
316,kolom data pic kampus form kumpul dokumen adminstratif koordinator mbkm universitas min dosen bimbing mbkm terimakasih,campus pic data column administrative document collection form university mbkm coordinator min lecturer guiding mbkm thank you
317,hi kakak bimbing saran isi pic kampus,"Hi bro, please help with suggestions for campus pic contents"
318,kakak terimakasih info,"bro, thanks for the info"
319,hi kakak kemarin isi angka kolom no hp pic kampus form maribelajar kumpul sptjm surat rekomendasi coba kakak angka terimakasih,"Hi, yesterday, fill in the numbers in the column, cellphone number, campus pic, let's learn form, gather SPTJM, letter of recommendation, try the numbers, brother, thank you"
320,oh iya kakak terima kasih iya kakak jawab manfaat sukses kakak,"Oh yes, thank you, brother, answer the benefits of success, brother"
321,nyata lolos maribelajar web kampus merdeka seleksi,actually passed the Maribelajar Independent Campus website selection
322,halo min izin umum pretest email umum lolostidaknya terima kasih,hello min general permission pretest general email passed or not thank you
323,halo kakak surat rekomendasi format email minta surkom paham beda surkom daftar,"hello, brother, letter of recommendation in email format asking surkom to understand the differences in registering surkom"
324,serta surkom daftar unggah lolos format kampus kakak,as well as the upload list surkom passes the format of your campus
325,kakak umum,general brother
326,oh okeokeee terimakasih kakak,"oh okay, thank you brother"
327,min pretes tanggal januari kemarin info lulus hasil pretes min,min pretest date last January information passed pretest results min
328,cepat banget info hmm,really fast information hmm
329,kakak email,email bro
330,kakak,Older brother
331,kakak email umum hasil pretes,"bro, general email of pretest results"
332,jugaa,too
333,kakak pre test tanggal kah,"bro, is the pre test date?"
334,btw unofficial kakak,btw unofficial bro
335,gabung,join
336,mana kakak pesan,where did you order bro?
337,ayo siniii,come here
338,daftar tanggal kakterus email pretes tanggal kakak,"Register date, email pretest date, brother"
339,iya kakak kemarin email umum jadwal pretes tanggal tanggal kirim pretes kakak umum hasil pretes lolos,"Yes, bro, yesterday the general email was the pretest schedule, the date the pretest was sent, the general bro, the pretest results were passed"
340,kakak daftar tanggal januari,"Brother, the registration date is January"
341,amin rabbalalamiin,amen rabbalalamin
342,moga lolos kakak,Good luck bro
343,amin kakak,Amen brother
344,jadwal ajar diberitahukan kelas kakak,The teaching schedule is notified by your class
345,ambil tawar gadisuruh unggah surat rekomendasi belah unggah surat daftar,"take the offer, ask the girl to upload a letter of recommendation and upload a registration letter"
346,gabung,join
347,pesan kakak,message brother
348,daftar wajib unggah,Must upload list
349,izin konversi mata kuliah program studi independen selesai jalan,Permission for conversion of independent study program courses is complete
350,permisi lolos maribelajar tolong info group whatsapptelegramnya terimakasih,"Excuse me, let's go, let's learn, please provide info on the WhatsApp Telegram group, thank you"
351,kelompok wa unoff,wa unoff group
352,hai kakak pretes tanggal januari email,"Hi bro, pretest date is January email"
353,kakak daftar modern educator track,brother register modern educator track
354,masuk kakak pesan,"come in, bro, message"
355,iya kakak,"Yes, brother"
356,hai teman teman test tanggal januari ada umum lulus,"Hi friends, the general test date is January"
357,sore kakak,afternoon bro
358,halo kakak maaf jbjb gabung kelompok wa kakak,hello bro sorry jbjb join wa group bro
359,pesan kakak,message brother
360,gabung kakak,join bro
361,masuk kakak,come in bro
362,pesan kakak,message brother
363,miin koo gabisa tanggal sesuai jadwal baru tanggal sesuai jadwal kontrak mohon bantu min,"Mimin, I can't get the date according to the new schedule, the date according to the contract schedule, please help, min"
364,selamat malam kakak mohon maaf ganggu buka link format surat nyata tanggung mutlak mahasiswa isi susah hapus sedia harap link tanggal terima kasih,"Good evening, bro, sorry for disturbing you, open the link, real letter format, student's absolute responsibility, content, hard to delete, ready, please link date, thank you"
365,halo kakak gabung,hello brother join
366,pesan kakak,message brother
367,kakak,Older brother
368,halo kakak lolos nihh gabung grup kakak pesan kakak,"hello bro, I've passed, join the group, bro, message sis"
369,kakak,Older brother
370,daftra daftar kemarin,register yesterday
371,cek email kala kakak,check your email bro
372,izin min minggu kelas,I'm allowed a week of classes
373,izin min ikut pretest selasa sampek jumat notifikasi mohon cerah min,"Min's permission to take the pretest from Tuesday to Friday, notification please be clear, Min"
374,izin min umum hasil kelulus min terimakasih,"Min's permission, general results are passed, thank you"
375,selamat malam kakak mohon maaf ganggu buka link format surat nyata tanggung mutlak mahasiswa isi susah hapus sedia harap link tanggal terima kasih,"Good evening, bro, sorry for disturbing you, open the link, real letter format, student's absolute responsibility, content, hard to delete, ready, please link date, thank you"
376,semesester daftar kakak,"semester list, brother"
377,udahhh sabar,I've been patient
378,minimal semester program studi independen kakak,Minimum semester of your independent study program
379,kakak umum kakak tes setelaj daftar,"general bro, take a test after registering"
380,met syarat spek laptop software baca situ ajar office kakak,"Read the terms and conditions for laptop software specs here, brother's office instructions"
381,halo kakak daftar tutup coba daftar barusan,"hello bro, register is closed, try registering just now"
382,learning track intelligence cloud track materi data batch batch advance,learning track intelligence cloud track material data batch batch advance
383,umum,general
384,jadwal ajar jambrpa min,"teaching schedule, min"
385,pathwaylearning track sertifikasi min terimakasih,"pathwaylearning track certification min, thank you"
386,learning track modern educator track milik laptop spesifikasi,learning track modern educator track belongs to laptop specifications
387,minimal office kakak,at least office bro
388,min logo certification modern worker track,min logo certification modern worker track
389,hai kakak min acc information worker track mbkm apaya kakak min,"Hi, bro, min, acc information worker track, mbkm, bro, min"
390,titip yasoanya kendalanyaa acc info,"leave yasoa for the problem, acc info"
391,iya ayo up kakak min tanggapin,"Yes, come on, bro, let me respond"
392,office kakak,office brother
393,bantu install tutor ytb,help install ytb tutor
394,takut baja,afraid of steel
395,syedih kitaa,we're sad
396,office luar tulis akun office officenyaa,"Outside office, write the office account"
397,titip,entrust
398,kakak ict spesifikasi laptop kakak model,brother ict laptop specifications brother model
399,ayo up ayo,come on come on come on
400,kakak ict spesifikasi laptop kakak model,brother ict laptop specifications brother model
401,titip gez,"leave it, gez"
402,iwt kah min minimal iya besok terima program,"Iwt, min, at least I'll receive the program tomorrow"
403,halo kakak kabar acc,hello brother news acc
404,hallobisa pesan iya,"hello, can you order?"
405,registrasi kakak,registration bro
406,sistem konversi sks kakak konversi full sks,"Brother's credit conversion system, full credit conversion"
407,min batch uang saku min program studi independen terimakasih,min batch of pocket money min independent study program thank you
408,minimal semester brapa min,What's the minimum semester?
409,minimal semester program studi independen kakak,Minimum semester of your independent study program
410,tanggal januari daftar diri,January registration date
411,min daftar giat maribelajar,"Min, register actively and let's study"
412,siaap kakak,ready brother
413,min ajar hari jam jam,min teach day hour hour hour
414,umum kakak,general brother
415,min langsung apply test,"Min, apply directly for the test"
416,selamat malam kakak mohon maaf ganggu buka link format surat nyata tanggung mutlak mahasiswa isi susah hapus sedia harap link tanggal terima kasih,"Good evening, bro, sorry for disturbing you, open the link, real letter format, student's absolute responsibility, content, hard to delete, ready, please link date, thank you"
