,Steming,Label
99,msib journey,Netral
168,marvelous journey with microsoft education for four months gabung studi independen microsoft in data artificial intelligence track the learning methods consist of synchronous and asynchronous learning synchronous learning used microsoft teams with lecturers from reputable universities asynchronous learning used microsoft learn and elok universitas gadjah mada elearning platform every month we have an online assessment to complete this studi the student should work on an individual capstone check my medium for my capstone project you can get free certification that is worth it data artificial intelligence learning track is azure data fundamentals azure fundamentals analyzing data with power bi and azure platform fundamentals my favorit learning track is azure fundamentals because are many tools that can discover for instance image recognition and natural language processing are processed fast with less code thank you for mentoring mrs adhistya erna permanasari microsoft maribelajar kampus merdeka thank you for great alam am excited for the next thrilling journey,Positif
42,hai teman afina track data analyst and program studi independen cycle pt maribelajar indonesia cerdas syukur alhamdulillah ikut giat program msib bacth pt maribelajar indonesia cerdas moga ilmu dapat kembang lupa ucap berterimakasih mentor assisten mentor sabar bimbing moga depan hujan hujan baju basah takut petir gempa pisah esok moga jumpa,Positif
51,hello teman finally graduated from pt maribelajar today after going through exciting months not an easy path but managed to get through it thank you pt maribelajar microsoft got lot of new knowledge that will never forget thank you for preparing me to be better educator and allowing me to gabung this precious opportunity,Positif
176,terima kasih sempat program studi independent pt microsoft indonesiaterima kasih mrs indrajani sutedja and assistant mentor mrs adik siti nur zainab bimbing bantu studi independent data and artificial intelligence program ajar learning track data and artificial intelligence alam relasi mampu ilmu tahu manfaat inovasi technology microsoft alhamdullilah dapat pakar industry tersebutdi bekal kembang dunia technology data sciencesemua orang apa latar belakang ajar science and technology apa bumi putar teknologi ubah teknologi ubah teknologi milik resiko hancur hidup teknologi bangun hidup love technology love future,Positif
53,hi everyone sarah lidya universitas hkbp nommensen medan prodi manajemen ikut kampus merdeka studi independen sertifikat program maribelajar microsoft intelligence cloud track graduation msib batch alam dapat ilmu dapat bangku kuliah guna dunia kerja terimakasih kampus merdeka mitra pt maribelajar indonesia cerdas,Positif
40,haloo pradika agung santri ikut giat studi independen track microsoft application maker terima kasih pt maribelajar jalan program baik fasilitas jarang dapat ilmu dapat ikut giat ilmu teman teman provinsi sabang merauke dapat terus ajar coba biar ucap orang jatuh mimpi bungkam mulut prestasi,Positif
48,hello im rizka nur aulia from putra bangsa university bahagia graduation alam is the best teacher it is word that can describe the conditions when participated in an independent studi at pt maribelajar with the information worker learning track the msib program is forum for students to increase their knowledge beyond the material provided by lecturers on campus this program is very useful to prepare students for entering wider scope of business where technical administrative skills in the use of microsoft office technology will increase significantly this is able to improve the performance and productivity of themselves or the company which will later become place for students to work am very bahagia to be able to follow and gabung msib as maribelajar partner here we will get learning and skills to increase my knowledge practical assignments and practice questions given can practice my skills thank you for the mentor who has taught tricks about microsoft thank you to the mentor assistant who helped answer the mentees questions thank you maribelajar microsoft for the opportunity,Positif
66,halo shinta naurah prodi didik biologi universitas negeri surabaya sekligus mentee msib pt maribelajar indonesia cerdas batch learning track modern educator kelas athena selamat teman mentee learning track mitra giat studi independen jalan senang syukur alam tahu dapat giat studi independen learning track modern educator fasilitas mitra rangkai giat sinkron asinkron exam online asessment sertifikasi bekal terap giat ajar ajar tenaga ajar terima kasih ucap mentor kelas athena asisten mentor kakak mas aqil bantu giat studi independen teman kelas athena sukses,Positif
97,hallo safir nur sosiologi universitas negeri surabaya ikut studi independen sertifikat maribelajar learning track information worker always wonder birds choose to stay in the same place when they can fly anywhere on the earth then ask myself the same question,Netral
31,halo tiar imam muarif ikut national onboarding msib angkat,Positif
16,hallo everyone siti sarah munawaroh mahasiswa program studi didik bahasa inggris ikip siliwangi ikut program studi independen sertifikat kampus merdeka batch harap program tambah mampu wawas microsoft data engineer tambah relasi wujud kerja rekan teman tarik ajar microsoft dara engineer ragu gabung,Positif
95,hallo ahmad jayadi program studi teknologi didik universitas lambung mangkurat ikut studi independen sertifikat maribelajar learning track modern educator track toleh lihat canggih spion gerak maju pantau emot api,Negatif
56,haloo kenal nama ahmad figo alfarqi mahasiswa unesa prodi didik teknologi informasi ikut giat magang studi independen sertifikat msib program ada maribelajar mircosoft kesan alam ikut giat ajar maribelajar mircosoft track intelligence cloud seru senang ilmu dapat bangku kuliah temu teman universitas ikut giat ajar cloud computing praktek microsoft azure pandu mentor ahli asisten mentor tegang ikut uji sertifikasi internasional certiport sempat ikut uji sertifikasi internasional menit bahasa inggris minimal nilai lulus lulus sertifikat internasional tingkat personal branding dunia kerja,Positif
160,hallo sobat merdeka rizky syafrullah selesai ikut rangkai program msib kampus merdeka selenggara kemenristekdikti ambil program studi independen sertifikat sib mitra pt microsoft indonesia jalur ajar microsoft cloud fundamental track periode program sib agustus sd desember kesan rasa alam ajar beda mana ajar terap variatif inovatif kolaboratif ikut program studi independen kampus merdeka kesan ilmu tahu bidang teknologi cloud microsoft azure power platform program sib kampus merdeka wadah manfaat mahasiswa program mahasiswa tambah relasi teman asal universitas seluruh indonesia syukur sempat ikut program sib kampus merdeka mitra pt microsoft indonesia ilmu sempat ikut microsoft certification gratis sertifikat internasional terima kasih selenggara kampus merdeka microsoft maribelajar mentor entik insanudin bimbing damping program tunggu mahasiswa ayo daftar diri program merdeka ajar kampus medeka mbkm magang studi independen sertifikat msib,Positif
5,halo intan putri sofyani mahasiswi program studi matematika universitas pamulang salah serta studi independen sertifikat bacth sempat gabung pt maribelajar indonesia cerdas ambil bidang data analyst program harap ikut rangakaian giat ajar tambah mampu tahu bidang data data analys teman terima tawar sib maribelajar tunggu lewatin sempat ayo gabung,Positif
102,hallo johan darma surya sihite didik ekonomi universitas negeri medan ikut studi independen sertifikat maribelajar learning track modern educator track buka mata jalan temu sempat sempat buta pegang eraterat sempat pergi memberitahu kau kau laku kau matius,Positif
154,hallo kenal ziyan fadilla saporette mahasiswa politeknik harap ikut program studi independen kampus merdeka pt microsoft indonesia bangga salah mahasiswa microsoft productivity the modern workplace gabung kelas mp temu orang special terimakasih to kakak rinaldi mentor kakak nusaibah asisten mentor kelas mp terima kasih ilmu ajar microsoft productivity terimakasih dukung sistem teman mp teman virtual bantu terimakasih sempat sar jumpa lain sempat,Positif
47,mari ajar,Netral
85,hallo sobat kampus merdeka faisal program studi didik it universitas negeri surabaya ikut studi independen sertifikat maribelajar microsoft learning track modern educator track ikut studi independen sertifikat maribelajar microsoft sempat kembang potensi tambah wawas jalurtrack ambil maribelajar,Positif
118,halo semuanyaperkenalanan nama dewi kumaratih kampusuniversitas muhammadiyah malang salah mahasiswa magang studi independen bersetifikat ptmicrosoft indonesia selenggara kampus merdeka sib microsoft pilih learning track cloud fundamental track pilih learning track tarik program tawar asah kemampuanmenambah ilmu tambah mampu digital ajar produk microsoft jalan ikut giat ajar online kesan ilmu teman mahasiswa universitas indonesiaperjuangan mudah capai titik ikut program amal kesan terimakasih kampus merdeka ptmicrosoft indonesia mari ajar sempat ikut kegitan initrimaksih erick kurniawan mentor kelas cf responsif sabar arah bimbing kait tugas hari asinkron tugas proyek capstone trimakasih kakak keren keiza asisten mentor kelas cf update informasi kait kegitan ajar,Positif
147,hi everyone my name is aditya rifqi from automation engineering major at bandung polytechnic for manufacturing im very grateful to be part of studi independen sertifikat with data and artificial intelligence track by kampus merdeka at microsoft from this program have learned lot of lessons and amazing experiences also from this program got alot of knowledge about data and and also many friends from all over indonesia thank you to microsoft maribelajar and kampus merdeka for giving me this great opportunity terimakasih to dai class mentor mr setiabudi husni and dai class mentor assistant kakak nida ellahi who guided us in this program,Positif
91,hallo lailatun nuriyah jurus didik universitas negeri malang ikut studi independen sertifikat maribelajar learning track microsoft indonesia hibur hati siram percik hikmah hal fisik hati rasa letih,Positif
58,hai sahabat vitria gita avidah universitas pgri madiun prodi didik sejarah share alam msib maribelajar alhamdulillah bahagia banget alam ilmu manfaat sayang iya lintas jalur anak didik main it is another levell guyss seruu ilmu mantapsih aplikasi pakai microsoft word excell ppt gabiasa fitur gapernah pakai gampang terimakasih am luckyy gabung mentor ngebimbing asisten mentor diribetin mentee wkwk ngerjain tugas project uji graduation,Positif
105,hallo imam zuhdi didik laut ikan universitas didik indonesia ikut studi independen sertifikat maribelajar learning track modern educator impi uap impi usaha realisasi nyata kuy,Positif
39,assalamualaikum wrwb risma universitas cokroaminoto palopo allhamdulilah syukur banget studi indepeden sertifikat pt maribelajar indonesia cerdas jalur ajar microsoft application maker studi ajar dapat it ucap terimakasih sempat gabung jurus beda ajar terimakasih mentor ilmu lupa ucap terimakasih teman teman kelompok capstone,Positif
155,muhammad aldi sofyan program studi teknologi industri tani universitas lambung mangkurat syukur senang terima kelas track data artificial intelligence program kampus merdeka mitra pt microsoft indonesia program kampus merdeka guna manfaat rena program sempat mahasiswa ajar ilmu luar prodi ilmu langsung dapat mitra industri giat manfaat dapat ikut kelas teknologi nama objek beda objek menganalisa umur mudah giat analisis data software power bi batu hadap ribu data analis visualisasi cepat path power apps buat software sederhana mudah coding maju teknologi orang kembang software coding ucap terima kasih pt microsoft indonesia maribelajar mentor asisten mentor bimbing fasilitas ajar maju teknologi,Positif
44,sempat syukur studi independen maribelajar microsoft alam terima ilmu manfaat relasi sehat jalan mudah bantu mentor asisten mentor sigap bantu saat alami sulit lewat alam dapat terimakasih maribelajar microsoft lengkap,Positif
82,alhamdulillah terimakasih god ive passed my microsoft international certification az microsoft azure fundamentals with score of the topic of microsoft azure fundamentals is about describe cloud concepts describe core azure services describe core solutions and management tools on azure describe general security and network security features describe identity governance privacy and compliance features and describe azure pricing and dukung,Positif
33,studi independen allah ilah manfaat engkau kepada ajar kepada manfaat bagi tambah kepada ilmu hai alfyan nugraha universitas bina sarana informatika ubsi selesai program studi independen jalur data analyst angkat syukur pt maribelajar indonesia cerdas,Positif
18,kelas siang,Netral
59,halo kenal aprilia wulandari trisakti school of multimedia selesai studi independent sertifikat maribelajar microsoft batch track information worker kesan terima mitra senang microsoft pakai dunia kerja ajar triktrik microsoft mentor alam sigap bantu mahasiswa alami sulit assisten mentor bantu mahasiswa terima kasih maribelajarxmicrosoft sempat,Positif
130,hello my name is josephine gale student from institut teknologi puluh nopember last september had the opportunity to participate in the program magang studi independen kampus merdeka for four months by menteri didik budaya ministry of education and budaya republic of indonesia during my learning process learned new things about cloud fundamentals from microsoft maribelajar azure fundamentals microsoft certified security compliance and identity fundamentals power platform fundamentals and microsoft azure administrator were among the topics learned with the knowledge got have earned three microsoft certifications thank you to all of the mentors mentor assistants and kampus merdeka who have helped to guide and facilitate this activity am hoping to use what ive learned in this studi independen to good use,Positif
81,hallo rahmat noor fauzi teknik elektro politeknik negeri jakarta ikut studi independen sertifikat maribelajar learning track information worker kau tunggu serah kau tunggu uzumaki naruto maribelajar,Netral
151,halo nila mahardikawati eka damayanti universitas negeri malang mahasiswa studi independen sertifikat microsoft bangga alam lupa pilih learning track microsoft productivity tempat kelas mp ajar selesai masalah nyata manfaat agam produk teknologi microsoft mudah ajar latar didik tempuh hakikat ajar usaha paham erti kurang salah jalan proses ajar usaha dalam tetap patut harga ajar harga oleh ikut giat kelas mp terima kasih sempat mahasiswa tambah tahu terampil alam ajar langsung kampus clara yunita mentor utama kakak asisten mentor terima kasih ilmu nasihat teman mp terima kasih dukung kerja sama jumpa sempat,Positif
12,halo salma dewi nur faridah jurus informatika universitas siliwangi semangat program studi independen sertifikat batch bidang data analyst and indonesia cerdas harap luas wawas dunia analisis data cerdas buat terap tahu pecah tantang dunia nyata ayo gabung teman tarik dunia data analyst gabung ajar,Positif
94,hallo dhea fitri anggrainy didik bahasa jepang universitas negeri padang ikut studi independen sertifikat maribelajar learning track modern educator track,Netral
73,hallo kanafika auliya rodiatul janah didik bahasa inggris universitas jenderal soedirman purwokerto ikut studi independen sertifikat maribelajar learning track modern education track bismillah aza ea,Netral
28,hello im arlianti agil from hayam wuruk perbanas university finally graduated after going through months its not easy path but im very bahagia to have joined this program cause got lot of lessons about microsoft application maker would like to thank for holding this program my mentor mrs erna for guiding me on capstone project ms nusaibah assistant mentor for helping during learning and last but not least my beloved friends in this program see on the top teman,Positif
90,hallo dinda zuhairotul didik bahasa inggris stkip pgri jombang ikut studi independen sertifikat maribelajar learning track modern educator track life is either brave adventure or nothing,Positif
138,assalamualaikum warahmatullahi wabarakatuh kenal al hamid yusuf mahasiswa jurus teknik elektro universitas lampung salah serta studi independen merdeka ajar kampus merdeka menteri didik budaya pt microsoft indonesia learning track data and artificial intelligence ajar kuranglebih studi independen ajar fokus ajar azure data fundamental azure fundamental power platform fundamental analyzing data with power bi,Positif
116,hello am cici soviani yuniar from universitas padjadjaran will briefly tell you about my alam in joining microsoft certified independent studi microsofts mission is to empower every person and every organization on the planet to achieve more microsoft is committed to providing technology training in todays cloudbased era and enhancing digital skills to indonesian students through the microsoft certified independent studi program in this program maribelajar was appointed as partner to help microsoft indonesia organize all of the activities taking part in this program is an honor for me the learning track chose was microsoft productivity the modern workplace the learning materials taught in this learning track are microsoft office specialist word excel outlook powerpoint microsoft fundamentals and microsoft power platform fundamentals the material provided is very helpful in providing solutions to realworld problems they are easy to follow and are practical tools to use in our working lives mentors who guide this program are professional experts capstone project is one of the components of the final assessment in this program this project provides nyata solution to the challenges and needs of the industry in developing business terimakasih to microsoft indonesia and maribelajar who have given me great opportunity to learn and develop my digital skills in this program for four months all the lessons and certifications provided will help me in improving my professional competence which is useful in this digital era,Positif
132,cecep wahyu cahyana mahasiswa teknologi informasi uny sempat program studi independent batch microsoft indonesia program lopor indonesia tuju bentuk mahasiswa terjun dunia kerja program ekspos mahasiswa ahli relevan bidang salah satu bidang data and artificial intelligence ikut program data and artificial intelligence ajar tahap olah data mentah terjemah olah visualisasi jadi lapor bantu proses manajemen olah data usaha machine learning seks power bi kompetensi dapat laksana program kembang aplikasi terap artificial intelligence bidang industri buat chatbot muara tingkat operasional bisnis usaha terima kasih ucap mentor damping laksana program charles bernando ssi phd bimbing manfaat bekal asisten mentor kakak yuga samuel repot kerja project program terima kasih teman dinamika dai juang kembang terima kasih insight semangat semangat lang tuntas problematika,Positif
17,hi senang salah program studi independen angkat mbkm harap semester timba ilmu alam maribelajar linkedin jalan lancar sahabat terima tawar maribelajar gabung septy kurrota ayun program didik fisika angkat universitas negeri surabaya kontribusi semangat,Positif
149,hai kenal nur akhmad dwinardi salah students learning track microsoft productivity the modern workplace program studi independen sertifikat selenggara kemdikbudristek ri pt microsoft indonesia ikut program studi independen ajar manfaat temu teman indonesia hebathebat oleh kredensial manfaat pengaruh hidup kelak sungguh alam harga lupa terima kasih rendah hati ucap terima kasih kakak menteri nadiem serta jajar menteri didik budaya riset teknologi republik indonesia obert hoesanto serta jajar pt microsoft indonesia mentor asisten mentor komunitas maribelajar indonesia utama clara yunita kakak muhammad syahrir mentor asisten mentor kelas mp teman kelas mp suportif program terima kasih ayo partisipasi programprogram merdeka ajar kampus merdeka manfaat peluang terang semangat,Positif
124,assalamualaikum wr wb hai lisa nur manajemen stie aub surakarta bagi alam ikut program msib kampus merdeka microsoft productivity the modern workplace microsoft indonesia ikut program msib ajar microsoft dasar microsoft sederhana sederhana microsoft produkproduk milik jarang awam aman microsoft percaya ikut msib microsoft productivity ajar banget terima kasih terima sempat ikut program sedia media ajar mentor baiik sabar ramah banget kakak noorsy asmen banget lupa tementemen mp solid kompak banget via online moga inspirasi tementemen ikut tarik ikut program msib kampus merdeka wassalamualaikum wr wb,Positif
119,halo javier endri octaviansyah universitas sebelas maret uns salah mahasiswa studi independen sertifikat pt microsoft indonesia terima program senang excited ajar ajar microsoft fundamental power platform microsoft office wordpowerpointexceloutlook mana sempat ikut sertifikasi sangka ikut sertifikasi realisasi mata usaha ajar sertifikasi tawar ayo maribelajar,Positif
13,hello everyone erlina mafatun rohmah mahasiswi semester didik matematika universitas islam sultan agung ikut progam studi independent sertifikat kampus merdeka batch ajar data analyst and al ikut giat harap program kembang soft hard mampu aktivitas kuliah ajar gali ilmu peluang sempat asah ajar ilmu bidang data analyst terima senang alam ilmu teman terima tawar stupen maribelajar yukks lets go ilmu datang ilmusomeone,Positif
110,hallo manick widiastary hubung internasional universitas udayana ikut studi independen sertifikat maribelajar learning track information worker track meet every version of you if you accept all versions of you then youll feel freedom,Positif
127,hi im nafiul huda student of universitas brawijaya in this semester had the opportunity to take part in studi independen from the kampus merdeka program at pt microsoft indonesia while participating in activities gained new knowledge regarding data and artificial intelligence the material and series of learning activities are very interesting though the activities are carried out online thank you to all the mentors mentor assistants mari ajar and kampus merdeka who have guided and facilitated that this activity can take place well hope to apply what have learned during the independent studi activities,Positif
45,sneak peek sosialisasi program studi independen sertifikat cdc umy maribelajar,Netral
78,hallo ahmad figo alfarqi jurus teknik informatika universitas negeri surabaya ikut studi independen sertifikat maribelajar learning track intelligence cloud track tugas berat pikir tugas ringan,Positif
36,studi independen cycle maribelajar microsoft hello everyone kenal satria wibawa universitas udayana bangga ikut selesai program studi independen kampus merdeka track ajar ikut program studi independen data analyst and track ajar oleh alam paham materi data kelola libat teknologi kini teknologi bas artificial intellegence sempat kenal guna teknologi aplikasi dunia kerja kalimat terima kasih pt maribelajar indonesia cerdas kolaborasi microsoft serta mentor asisten mentor libat langsung sukses program studi independen,Positif
174,trianto haryo nugroho mahasiswa ilmu aktuaria universitas binawan ikut program studi independen sertifikat studi independen sertifikat kampus merdeka ajar kelas rancang khusus dasar tantang nyata hadap mitraindustri program kursus singkat bootcamp kursus daring buka besarbesaran mooc lainlain studi independen sertifikat ikut data and artificial intelligence pt indonesia selenggara agustus desember bimbing mentor charles bernando ssi phd dosen praktisi data scientist asisten mentor yuga samuel mahasiswa prestasi studi independen sertifikat tingkat softskill hardskill bidang data artificial intelligence sesuai tantang nyata dunia industri relasi mahasiswamahasiswa baik indonesia sempat ikut sertifikasi internasional microsoft dp azure data fundamentals azure fundamentals pl power platform fundamentals selesai capstone project bidang sehat tambah kompetensi portofolio,Positif
169,alhamdulillah lulus uji sertifikasi internasional microsoft power platform fundamentals pl moga lulus sertifikasi moga ilmu oleh manfaat terima kasih studi independen kampus merdeka mentor asisten mentor teman trrkait,Positif
164,studi independen kampus merdeka microsoft maribelajar pt microsoft indonesia halo kenal adi kusuma atmaja mahasiswa semester jurus ilmu hubung internasional serta program kampus merdeka studi independen microsoft indonesia syukur untung program wakil universitas satya negara indonesia benefit dapat ikut program alam dapat ajar microsoft office microsoft fundamentals power apps power bi power automate teman kampus sertifikat skala internasional moga ilmu dapat program manfaat tuju depan santa berterimakasih teman mp mentor ali assisten mentor kakak kevin adda saran tolong,Positif
175,halo dwi lakshono salah serta magang studi independen sertifikat selenggara menteri didik budaya riset teknologi program pilih program studi independen pt microsoft indonesia learning track microsoft productifity the modern workplace giat ikut desember giat ikut kesan ilmu ikut program microsoft temu teman mahasiswa daerah indonesia program ikut pt microsoft indonesia learning track microsoft productifity the modern workplace ajar produk microsoft microsoft office topik bahas microsoft word microsoft excel microsoft fundamentals outlook powerpoint power platform fundamentals materi ajar dapat asing proses ajar paham materi berkat mentor baik kelas mp mahaning beliau sabar bimbing anak kelas mp tutup ikut program studi independen alam ilmu lupa terima kasih mahaning nicken microsofteducationindonesia maribelajar kampus merdeka teman kelas mp sukses amin,Positif
178,hai magangers bingung studi independen galau pilih dampak rencana karier bangun startup bingung worry teman ayo sharing seru malam sabtu microsoft indonesia achmad zaky foundation startup campus bantu tata karier impi program studi independen andal catat tanggal iya jumat juli instagram live your future is in your hand be prepare see you,Positif
159,hallo kenal rahmad jaya harefa mahasiswa universitas sari mutiara medan mahasiswa ikut program kampus merdeka studi indenpenden sertifikat pt microsoft indonesia track microsoft productivity the modern workplace bangga pilih salah belas ribu ratus tujuh puluh mahasiswa magang studi indenpenden sertifikat nilai sendiri program perdana kampus merdeka temu rekanrekan mahasiswa latar program studi universitas bahagia banggan sendiri alam dapat alam lupa semester ikut program studi indenpenden pt microsoft indonesia track microsoft productivity ilmu dapat tahu apasaja aplikasi microsoft power platform azure simpan awan microsoft privat zero trust buat aplikasi power apps bantu orang aplikasi milik basic aplikasi power apps mngetahui coding dukung power automate kerja cepat produktif sesuai alur butuh otomatis jujur jurus non it hambat ikut program pt microsoft kelas mp ajar menjalankanya semangat mentor ass mentor erti kurang dapat terimakasih kampus merdeka microsoft program sangatsangat manfaat tahu jurus terjun langsung dunia usaha industri teknologiprogram is the best moga program lanjut,Positif
122,halo nala nama ian rachman dana politeknik negeri jakarta salah mahasiswa magang studi independen bersetifikat ptmicrosoft indonesia selenggara kampus merdeka sib microsoft pilih learning track data and artificial intelligence pilih learning track fokus ajar machine learning jalan ikut giat ilmu dapat data fundamental azure machine learning deep learning model deployment power bi ajar online kesan ilmu teman mahasiswa universitas indonesia juang mudah capai titik ikut program amal kesan trimakasih kampus merdeka ptmicrosoft indonesia mari ajar sempat ikut kegitan initrimaksih muhammad priyono tri sulistyanto mentor kelas dai trimakasih mbak vira fitriza fadli asisten mentor kelas dai update informasi kait kegitan ajar trimakasih teman daivyang dukung,Positif
75,hallo della santika jurus sistem komputer universitas sriwijaya ikut studi independen sertifikat maribelajarmicrosofttram learning track intelligence cloud track allah angkat derajat orang iman orang beril qs almujadilah maribelajar,Positif
21,bonjour fadil universitas didik indonesia senang gabung pt maribelajar indonesia cerdas harap tambah tahu ilmu manfaat lancar program yu teman patah semangat harap batch,Positif
136,assalamualaikum halo kenal nama rizky milanto politeknik manufaktur bandung salah mahasiswa magang studi independen bersetifikat ptmicrosoft indonesia selenggara kampus merdeka studi independen microsoft pilih learning track data and artificial intelligence pilih learning track tarik cerdas buat populer dunia industri industri otomotif food manufacturing industri bisnis analis peluang bisnis program mampu tambah softskill mampu bekerjasama muka dapat presentasi teman asal universitas indonesia senang program senang tambah nyata lulus sertifikasi artificial intelligence fundamental nilai muas terimaksih charles bernando mentor kelas dai sabar ajar nol paham paham implementasi terimakasih kakak yuga asisten mentor kelas responsif sabar arah terimakasih teman dai juang dukung thx all,Positif
2,hello sobat online kenal fatmawati universitas negeri makassar senang studiproyek independen sertifikat harap ilmu oleh depan manfaat aspek kuy guyskalian see you,Positif
70,hi vinka romandhona ikut program perintah studi independent kampus merdeka magang sertifikat internasional angkat pt microsoft studi teknologi digital microsoft office risau milik risau nikmat syukur ayo update informasi msib follow instagram,Positif
171,hallo kirana gusty khairunnisa ramdhan salah serta studi independen sertifikat pt microsoft indonesia selenggara kampus merdeka sib microsoft pilih learning track microsoft productivity the modern workplace pilih learning track tarik program tawar asah mampu tambah ilmu mampu digital ajar produk microsoft jalan ikut giat ajar online kesan ilmu teman mahasiswa universitas indonesia terima kasih kampus merdeka pt microsoft indonesia mari ajar sempat ikut giat terima kasih mahaning mentor kelas mp responsif sabar arah bimbing kait tugas hari asinkron tugas proyek capstone terima kasih nicken asisten mentor kelas mp update informasi kait giat ajar terima kasih teman mp dukung semangat sukses,Positif
6,kampus merdeka merdeka mandiri ajar,Netral
89,hallo annisa herawati manajemen didik universitas negeri jakarta ikut studi independen sertifikat maribelajar learning track modern educator track terus coba tambah tahu terampil,Positif
0,ugm metaverse minecraft challenge hai sobat microsoft rangka dies natalis ugm selenggara kompetisi nama ugm metaverse minecraft challenge giat ikut siswa smasederajat mahasiswa guru syarat tentu gambar slide iya daftar karya bitlyugmmetaverse ayo ajak temantemanmu ikut challenge raih hadiah total rp tunggu karya,Positif
166,halo kezia abigail vania universitas sebelas maret salah murid program studi independen microsoft learning track data and ikut studi independen microsoft ajar khusus data bilang kejar tinggal bantu mentor asisten mentor teman suportif ikut studi independen ilmu alam guna terima kasih,Positif
77,hallo erika anugra heni prodi didik matematika universitas islam jember ikut studi independen sertifikat maribelajar learning track modern educator track akar didik pahit buah manis aristoteles,Positif
65,hallo andrea akuntansi universitas gadjah mada ikut studi independen sertifikat maribelajar learning track information worker track suka coba suka ajar tarik moga tahu terampil tingkat alam relasi tambah program,Positif
55,ratap laman sembari senyum mikat tubuh bisik sendu hamdallah bibir kilas juang lembar lembar kertas bayang air segar kelapa muda ilmu pikir terima sigap tulis konfirmasi jari jemari gemetar tatap bahagia kenal muldawati mentee batch track modern educator pt program studi independen puisi cerita asa nyata terima ucap terima kasih maribelajar mentor damping kece ilmu alam relasi sertifikat modul internasional pasti kenan kesan caption kesan segi apa pesan depan pt maribelajar indonesia cerdas cipta anak bangsa hebat milik soft skillhard mampu,Positif
163,such an honour for me to be learner at microsoft indonesia for cloud fundamental by msib kampus merdeka of ministry of education budaya research and technology indonesia did sessions synchronous and asynchronous sessions the synchronous activity was held with my mentor in class cf erick kurniawan who explained some focuses on azure fundamentals microsoft certified security compliance and identity fundamentals power platform fundamentals and microsoft azure administrator for the synchronous activities worked for the learning path on the microsoft team as an electrical engineering student this studi is very new thing for me gained new knowledge from the discussions and explanations such very pleasant alam for me to be able to gabung with students who have high curiosity and learn new things that have never tried before,Positif
88,hallo rizka nur aulia prodi manajemen universitas putra bangsa ikut studi independen sertifikat maribelajar learning track information worker track pengetahuantindakan guna tahu tindak abu bakar,Netral
106,hallo fita dwiagustini arman jurus teknik sipil politeknik negeri ujung pandang ikut studi independen sertifikat maribelajar learning track information worker track guna waktu sungguhsungguh salah satu coba ajar bantu kembang,Positif
46,maribelajar microsoft studi independen halo kenal fita dwiagustini arman politeknik negeri ujung pandang salah mahasiswa ikut program msib batch ptmaribelajar indonesia cerdas learning track information worker kelas falkor alhamdulillah selesai studi independen ilmu dapat aplikasi microsoft microsoft office specialist word excel and powerpoint microsoft power platform fundamentals microsoft fundamental dynamics fundamentals erp dynamics fundamentals crm ilmu manfaat tambah relasi teman daerah indonesia ajar leadership kelompok project tugas individu ada sesi asinkron sesi sinkron syukur terima kasih program msib batch mentor bu fanny skom asisten mentor kakak vira fitriza fadli kompeten bidang tanggung kampus merdeka kampus yuliani hr st meng indra mutiara st mt koordinator program studi jasa konstruksi teman kelas falkor moga ilmu manfaat sukses mitra teman,Positif
62,maribelajar microsoft kesan ikut studi independen kampus merdeka tambah teman indonesia berterimakasih mentor amiroh skom mkom ilmuilmu tahu giat studi independen asisten mentor kakak nicken kusuma mardhany damping perlu keluh studi independen lupa berterimakasih pt maribelajar indonesia cerdas selenggara sempat ikut studi independen moga depan baik laksana studi independen batch,Positif
74,alhamdulillah terimakasih god ive passed my third microsoft international certification microsoft azure data fundamentals dp with score of the topic of microsoft azure data fundamentals is about exploring core data concepts exploring roles and responsibilities in the world of data describing concepts of relational data exploring concepts of nonrelational data exploring concepts of data analytics exploring relational data in azure exploring nonrelational data in azure examine components of modern data warehouse explore data ingestion in azure explore data storage and processing in azure get started building with power bi,Positif
92,hallo arif muluk rahman manajemen universitas medan area ikut studi independen sertifikat maribelajar learning track information worker track compare yourself with anyone in this world if you you are insulting yourself bill gates dapat twibbon twbnztwibbonmaribelajar ikut maribelajar,Positif
143,social media task the journey of thousand miles begins with one step lao tzu tualang takjub langkah nyata tualang langkah bawa titik titik mana makna orang ajar it jurus biologi ganti jurus saing teman dsb turut pandang salah kawan kerja butuh disiplin ilmu praktek standard kerja ubah sadar dar kaget ubah era disrupsi penuh ketidakpastian tren kerja dulunya idam orang tinggal contoh nyata bisnis wartel wartel ajar mana adaptasi ubah zaman tentu ambil program msib microsoft indonesia learning path data issue pecah paham arti data data the new oil ada vital ambil putus usaha cerdas buat teknologi prediksi ganti kerja manusia industri robot mengautomasi kerja teknologi seks computer vision nlp kurang kerja program ilmu wawas mentor resource ajar lengkap program relasi penjuru dunia mana ikut training days expert microsoft sempat ikut sertifikasi global tambah value cv,Positif
120,hidup penuh ajar penuh cinta nama halo alifia nur fauzan mahasiswi tingkat read tua institut tani bogor ikut giat sib studi istri sertifikat canda studi independen sertifikat maksud studi independen sertifikat microsoft productivity the modern workplace jalan hidup ajar if you think im only learning bout microsoft youre wrong percaya ajar ambil kecuali hati gabisa ambil poin plus bahagia sertifikasi microsoft pungut biaya apa bahagia sib microsoft bahagia you make the world better place by making yourself better person sorrell,Positif
123,one step closer to becoming the first alumnus of microsoft independent studi hallo im salsa from finally ive finished my independent studi at with learning track data and artificial intelligence as the first alumnus of msib program by its truly incredible honor for me to be part of this great program with unforgettable memories during the last months august december ive gained log of knowledge new experiences and insight by this program can able to take part in this amazing alam ill try to improve as as can learning and practicing lot to get glow up of myself this year and my future small step in this direction ends up being the biggest step of my life get this opportunity its like never imagined before from here got lot of knowledges new insights and unique friends from various university in indonesia thank you to several parties for organizing this great program thank you to mr sulistyo heripracoyo sip as mentor for guiding the learning activities thank you to ms agata tamara simanjorang as mentors assistant for help and giving clear answers to all my questions and also absolutely thank you for the great time and memories dai class highly recommended to you teman who want to apply this program because youll get small magic of your life,Positif
173,the power of cloud technology has undeniably transformed business across industries technology improvement including website deployment public storage and database monitoring auto scaling up all can be done very seamlessly today terimakasih to microsoft maribelajar get to learn all those technologies especially on cloud identities compute services virtual networking storage database and monitoringlogging throughout the four months learned that in essence technologies in microsoft azure share very similar pattern in configuration this makes the learning process easier for developers its time to scale up with these cloud services be whats next,Positif
114,hallo im nasim thsemester student of the public administration universitas padjadjaran currently have completed my studi in independent studies program at pt microsoft indonesia learning track microsoft productivity the modern workplace what great experice for these monthsmany benefits that learned from this studi how microsoft became tool for various computing solutions would like to terimakasih bu fita and kakak noorsy for their knowledge and guidance during these months thank you mp class friends who always dukung each other in times of trouble especially cornerstone excel terimakasih to microsoft maribelajar for bringing us together in this program,Positif
10,halo ramadya wahyu dwinanto mahasiswa informatika universitas harap bangsa purwokerto studi independen batch harap dalam paham konsep teknik analisis data selesai latih oleh sertifikasi aku memvalidasi mampu kualifikasi data analyst praktisi sempat proyekproyek nyata libat analisis data terap teman sempat ikut latih data analyst selenggara ahli bidang sempat emas ajar kembang ayo lewat,Positif
34,hello teman want to share little story about the independent campus program that participated in program ikut magang studi independent sertifikat singkat msib nyata lolos studi independent data analyst pt mari ajar indonesia cerdas ikut interview berkalikali usah dighosting teman am student of arabic literature masuk data analyst pesimis buanget teman can finish this program or not program benarbenar uras energi pikir kuota internet jerit anak kost aplikasiaplikasi hubung program sangatsangat uras rekening kuota kondisi buruk akhir my family was hit by disaster my mommy had to be rushed to zainoel hospital in banda aceh because her parathyroid cancer which had eroding her body for years recurred posisi medan langsung aceh rawat my mommy masuk kelas stupent cerita detail masalah asisnten mentor mbak hanif izin izin hilang tim projects capstoneku ajar kelas berbulanbulan kerah project bagus alhamdulilah belepotan selesai aplikasi pitching video demostrasi video sungguh nikmat begadang lupa siang malam konsultasi mentor anis beliau beri semangat respon positif nyata lulus bahagia kurang ikut program sehandal terimakasih mentor ajar terimakasih,Positif
32,hello teman mayang sari mahasiswi program studi manajemen sekolah ilmu ekonomi bangun tanjungpinang program studi independent sertifikat batch bidang data analyst harap ikut program tambah mampu wawas bangun relasi teman ikut program hadap dunia industri teman gabung ragu pilih sempat alam mari siap baik dunia industri,Positif
148,halo yahya putra pradana universitas sebelas maret bangga syukur program studi independen data and artificial intelligence microsoft agustus desember periode harga momen kesan ilmu raih salah serta studi independen microsoft bidang data artificial intelligence terima kasih sempat ajar wawas kait ilmu data layan microsoft azure sql database power bi tarik mayoritas layan minim coding mudah ajar mahir layan terima kasih charles mentor kakak yuga asisten mentor bimbing bagi ilmu informasiinformasi giat studi jalan lancar ilmu manfaat pribadi serta tantang rintang program selesai program studi independen terima kasih luncur salah program keren magang studi independen program,Positif
38,alam bilang alam tantang kuliah merdeka mana sesuai mitra meng tarik mentor experienced banget langsung suruh praktek lapang langsung paham materi,Positif
83,hallo wahyu aqshari bimbing konseling universitas negeri semarang ikut studi independen sertifikat maribelajar learning track modern educator track no hard feeling but still the best akun tumpang tag kakak,Positif
179,mt school parsial agenda upgrading trainer leader materi latih microsoft teams education essentials materi transformasi sekolah pusat aktivitas microsoft teams kelola kelas virtual model ajar asinkron sinkron kelola dokumen kelas virtual integrasi teams aplikasi distribusi tugas teams materi mari ajar terima kasih mari ajar laksana rabu oktober dapur mar wates kulon progo,Positif
180,ayo ikut kontes foto agustus kemerdakaan nkri identik riah raya merdeka sekolahsekolah instansi perintah raya merdeka lingkung institusi ayo bagi momenmomen seru kolega anak didik raya hut nkri komunitas dapat reward tarik syarat didik indonesia milik akun office domain milik aju minta akun bitkyregistrasioffice gabung anggota kelompok komunitas guru inovatif microsoft teams gabung baca tunjuk gabung bitlygabungteams unggah fot caption tarik tab conversation unsur nilai kualitas gambar terang gambar caption sesuai tema deadline september as media partner,Positif
27,selamat sukses lolos mahasiswa uis program studi independen msib batch semangat jalan studi independen moga sukses,Positif
100,hallo nolas veta akuntansi politeknik negeri jakarta ikut studi independen sertifikat maribelajar learning track information worker track education is everything education is your power education is your way in life for whatever you want to dapat twibbon twbnztwibbonmaribelajar ikut maribelajar,Positif
23,kelas malam,Netral
103,hallo dinda yulia manajemen universitas muhammadiyah prof hamka ikut studi independen sertifikat maribelajar learning track information worker track,Positif
67,mahasiswa sik lolos msib batch kampus merdeka halo sobat sikupi kabar bangga bahagia orang mahasiswa program studi sistem informasi laut lolos msib magang studi independen sertifikat batch program kampus merdeka lho program konversi sks mata kuliah orang mahasiswa terima mitra beda keren pt artificial indonesia pt dicoding indonesia pt hashmicro solusi indonesia microsoft pt orbit ventura indonesia pt prosa solusi cerdas zenius ruangguru pt lentera bangsa benderang wwf indonesia kece banget mahasiswa sik ohya mahasiswa sik angkat lho ayoo tunggu mari gabung prodi sistem informasi laut upi kampus serang salur kembang passionmuu ucap selamat sukses mahasiswa ikut msib batch moga mantik semangat mahasiswa prodi sik,Positif
9,hai guyss kenal savira yuliani mahasiswi program studi teknik elektro universitas muhammadiyah surakarta progam studi independent sertifikat kampus merdeka batch ajar microsoft data engineer harap ikut program kembang tambah mampu depan tambah relasi dunia industri ajar aplikasi data engineer dunia industri sempat teman teman tambah mampu relasi ayo gabung life is beautiful struggle,Positif
153,hi ikut giat studi independen selenggara banget ajar semenjak giat sempat sertifikasi benefit senang banget sempat ajar bareng mentor bimbing langsung sabar professional terima kasih moga program depan,Positif
104,halo nama fikri sayyidar rusli salah mahasiswa terima program msib magang studi independen sertifikat ada kampus merdeka kemendikbud program terima salah usaha gerak bidang teknologi pt microsoft indonesia giat studi independen ambil learning track cloud fundamental mana ajar guna microsoft azure power apps power bi moodle sempat ikut uji sertifikasi guna pribadi jalan program ajar ajar terimakasih pt microsoft indonesia terima ikut program studi independen sertifikat lupa terimakasih arief nugroho mentor kakak aulia rahman asisten mentor bimbing giat studi independen,Positif
126,bayang sama sulit jalan sama jatuh cinta pandang pantang pulang pepatah anak dekat orang dekat restu orangtua restu sahabat faktor utama hormat tri didik nadiem anwar makarim alias kakak nadiem kenal pribadi kenal aplikasi terima kasih lahir anak dengan alam eko cahya purnama remaja paruh lemak mahasiswa sekolah teknologi bandung ikut program kampus merdeka notabene anak kemendikbud studi independen usaha microsoft pikir lisensi windows gratis nila tahu cloud computing learning track cloud fundamental situ saya sempat sertifikasi microsoft tahu sertifikasi lulus uji saya temu mentor erick kurniawan ucap terima kasih ajar temu virtual baik nyata moga sehat lupa asisten mentor kelas cf kakak keren kezia kawaii nama orang keren banget sabar dengar tanggap keluh telaten kerap serang cerita mahasiswa rajin telat kumpul lapor kakakable banget deh moga kakak sehat karier cemerlang ceria last but not least ceeiilehh untuk teman kelas cf latar zona terima kasih kerja sama susah senang alam galau huruhara deadline,Positif
135,studi independen halo achmad raja qodli zaka serta program studi independen sertifikat kampus merdeka prodi didik teknik informatika komputer angkat universitas negeri semarang terima program senang terima pt microsoft indonesia bangga gabung salah usaha dunia ilmu cloud computing ajar bangku kuliah senang temu teman indonesia ramah kompak bantu alam ampu insap mentor universitas gadjah mada alam damping asisten mentor kakak revin hati intens arah bimbing repot alam harga dapat lupa bekal studi independen moga lanjut sukses karier bidang cloud computing,Positif
165,halo yusuf universitas jember sebentar alumni program studi independen sertifikat pt microsoft indonesia learning track cloud fundamental track ikut program sempat ajar lintas disiplin ilmu sesuai butuh industri tani mentor mumpuni bidang giat ajar mudah jelas mentor serta contoh sederhana manfaat dapat giat relasi softskill hardskill kait teknologi kini cloud computing terimakasih bantu mampu dunia kerja ayo daftar diri program studi independen sertifikat kampus merdeka siap cerah,Positif
87,hallo muhammad henry kurniawan program studi sistem informasi universitas muria kudus ikut studi independen sertifikat maribelajar learning track intelligence cloud track awal impi doa yakin buat jalan hidup penuh ketidakpastian,Positif
98,hallo ahmad syafi manajemen universitas islam malang ikut studi independen sertifikat maribelajar learning track intelligence cloud track its never too late to increase knowledge,Positif
111,hi everyone im angelina novianti winarlie an information systems student from bina nusantara university want to share one of my recent studying experiences from agustus december became part of kampus merdeka independent student for cloud fundamental track with maribelajar and microsoft this program is one very wonderful alam for me it led me to gain many new experiences and knowledge about cloud computing with microsoft cloud azure learned and took exams in azure fundamentals power platform fundamental security compliance and identity fundamentals and azure administrator associate through selfpaced studying with microsoft learn and online synchronous asynchronous classes with the class mentor and assistant mentor furthermore managed to make one capstone project at the end of this program it helps me get fundamental knowledge about azure and helps me prepare for my future career at first it was not easy for me to adjust to this program since this was the first time was introduced to cloud computing were new challenges that needed to face for this new knowledge learn that are still many things that still know about information technology to learn about azure cloud computing as one of the most demanded technologies these days is such an incredible opportunity that can alam this year amazingly this program opens competitive opportunities with international colleagues by providing microsoft international certifications lastly want to say that feel really honored to able to become one of the students of this remarkable program thank you to mentor mr paulus insap santosa assistant mentor muhammad revin arnan and all the participants for guiding and helping me through this whole program hope we can achieve all of our dreams hope to meet you teman again,Positif
170,be person who is always sedia to face every challenge that comes your way bj habibie alhamdulillah have completed the first batch independent studi of kampus merdeka at pt microsoft indonesia got lot of learning both soft skills and hard skills which were given by the mentor from maribelajar as the organizer with enthusiasm and challenges have gone through episode after episode with sense of responsibility as student agent of change during this pandemic in the learning track microsoft productivity the modern workplace capestone project is provided in the form of solution that brings microsoft capabilities and is integrated with each other combined with power automate powerfull capabilities for automation on this occasion tried to implement it in the nyata world in this in the online workshop management process at lpk stmik jakarta stik the result achieved is that the solution is able to provide better online workshop management participate in independent studi at pt microsoft indonesia was an interesting and valuable alam for me learned many things from the process especially when was chosen from applicants am very proud to be able to make the good name of my beloved campus proud hopefully other stmik jakarta stik colleagues can follow in our footsteps and make our beloved campus proud thank you for the attention and dukung of the lecturers and the stmik jakarta stik campus who have given us the opportunity to work and innovate thank you microsoft thank you maribelajar thank you mentor agus suparno and his mentor assistant indra gunawan without all of you would never have had the opportunity to get through my amazing and stunning semester this year from my deepest heart thank you,Positif
161,halo kenal nama abdul ghany maila salah serta studi independen sertifikat merdeka ajar kampus merdeka pt microsoft indonesia kelas mp microsoft productivity the modern workplace detikdetik episode jalan program ikut program senang temu orang milik ajar singkat agenda kuliah sinkron asinkron materi bahasa inggris indonesia temu kelas buka menit online pesan harap program semester giat mahasiswa alam dunia profesi kembang tenaga kerja profesional,Positif
64,hello annisa hanifaturohmah jurus didik bahasa inggris universitas jenderal soedirman kelas aphrodite program modern educator track jalan giat studi independen selenggara pt maribelajar kesan giat msib sungguh manfaat tingkat mampu informasi teknologi bekal depan selenggara ajar bas digital ilmu dapat didik abad inclusive classroom student centered learning education transformation framework ajar teoritis ajar praktik sempat demonstrasi kait pengggunaan aplikasi microsoft aplikasi flipgrid fitur windows samping terima kasih sempat ikut giat sertifikasi laman certiport overall it is an amazing and beneficial alam to be able to partake in this program pesan mitra program rancang informasi selaras mitra lembaga laksana msib kemendikbud ristek sebar informasi beda kait informasi progam jalan terimakasih mitra semangat maribelajar fighting,Positif
15,hallo yohanes irvan universitas kanjuruhan malang program studi teknik informatika ikut program studi independen sertifikat kampus merdeka batch harap moga ikut giat tambah mampu bidang it buat aplikasi platform microsoft developer tingkat mampu kerja tim bangun relasi teman teman temu ayoh daftar program kampus merdeka gabung jumpa teman teman,Positif
41,hme appreciation selamat serta lolos msib batch studi independen pt maribelajar indonesia cerdas empowering everyone to learn cloud administrator dicky wanhar teknik elektro departemen humas himpun mahasiswa elektro universitas islam nusantara for more information contact us on instagram email hmeuninus,Positif
167,when it comes to it are many topics to talk about as someone whos always interested in learning new things was confused about what wanted to be in the future programmer designers sistem administrators are many choices that feel like have no purpose in life until one day my friend told me that he had made an application but was confused about how to make the application he made accessible to others he had thought about deploying his application to the cloud but he didnt understand how to it then thought since lot of people want to be programmers and make things what if become the person who supports their work by becoming cloud administrator thats since august have participated in certified independent studi program organized by microsoft indonesia with the topic of learning cloud fundamentals in this course learned lot about microsoft azure as cloud computing platform that can be used for various things from deploying web applications to training machine learning models apart from taking classes was also required to design and build cloud solution to problem that had nyata handson alam in this program can also take international certification from microsoft maximum of times which with these certificates can get more kerja opportunities when it comes to it its not just about programming theres lot to learn and think cloud computing will be highly soughtafter mampu in the future joining the microsoft indonesia independent studi program made me sedia to face that future and also recommend you to gabung it tags,Positif
109,hallo zulfikar akbar adiprayoga didik laut ikan universitas didik indonesia ikut studi independen sertifikat maribelajar learning modern educator track takut gagal jatuh diri kalah coba gagal bangkit juang hidup no pain no gain tag teman dapat twibbon twbnztwibbonmaribelajar ikut maribelajar ayo ikut,Negatif
80,alhamdulillah terimakasih god ive passed my third microsoft international certification microsoft azure data fundamentals dp with score of the topic of microsoft azure data fundamentals is about exploring core data concepts exploring roles and responsibilities in the world of data describing concepts of relational data exploring concepts of nonrelational data exploring concepts of data analytics exploring relational data in azure exploring nonrelational data in azure examine components of modern data warehouse explore data ingestion in azure explore data storage and processing in azure get started building with power bi,Positif
52,latih ms excel fcd halo juang karier microsoft excel fungsi guna microsoft excel syarat kriteria lamar kerja acara fateta careers day hadir selenggara giat latih microsoft excel bawa latih handal kolaborasi maribelajar latih laksana juli zoom meeting trainer rinaldi technical trainer at maribelajar apasih benefit esertifikat sertifikasi microsoft knowledge relation tunggu daftar diri isi link bawah free registration for public salam hangat fcd narahubung idham ilyas whatsapp line idhamilys,Positif
26,himpun mahasiswa program studi didik kimia fakultas guru ilmu didik universitas kristen indonesia selamat lolos seleksi program merdeka ajar kampus merdeka bkp magang studi independen bersertifikatangkatan,Positif
76,hallo eti desti sastia jurus fisika universitas sriwijaya ikut studi independen sertifikat maribelajar learning track intelligence cloud track mimpi usaha hasil coba impi kejar tunggu mari gerak wujud mimpi,Positif
43,digital future skills net programming training for smkcoding program latih net programming siswasiswi sekolah tengah juru latih ada tanggal oktober oktober selenggara daring online bebas biaya daftar gomaribelajarorgtraining klik daftar latih sempat magang usaha nama indonesia see in the class become programmer for bright future,Positif
24,halo sobat merdeka unhas mbkm program magang stui independen sertifikat msib proses daftar serta angkat kenal maribelajar salah mitra program studi independen daftar ikut webinar sosialisasi sudi independen maribelajar tema microsoft digital talent academy rabu januari sd wita ayoo sobat merdeka unhas tinggal sila daftar dapat ilmu lewat info info tarik mbkm unhas iya sobat merdeka,Positif
3,msib mari ajar holaaa everyone tesalonika universitas sumatera utara senang sempat ikut program msib by kemendikbud maribelajar official partner pt jalan program studi independen ikut mari ajar ada webinar latih lohhh waaahhh keren banget iya rangkai giat fitur team asah mampu kerjasama harap ikut rencana ajar susun telah mahasiswa tampil percaya ilmu dapat excited to gabung the class are teman sedia next year is your turn adik dkk,Positif
152,halo salam kenal semu muhammad iqbal alfarizi sebentar alumni program studi independent sertifikat pt microsoft indonesia learning track cloud fundamental ikut program bilang program tarik program sempat ajar paham butuh industri masa damping mentor ahli bidangnnya giat ajar mudah senang jelas serta beri contoh mudah paham alam harga program msib microsoft manfaat dapat tambah relasi tingkat soft mampu hard mampu terimakasih mentor asisten mentor teman semu terimakasih sempat ikut program,Positif
49,februari juni alhamdulillah program studi independen cycle mitra pt maribelajar microsoft senang salah ribu mentee nyata lulus bidang modern educator track kesan dalam syukur kelas poseidon mentor asmen kompeten bidang ilmu dapat guna karier depan ajar abad ajar inklusi lupa mentee sempat uji sertifikasi microsoft ilmu mentee dapat relasi mahasiswa kampus kenal ajar microsoft teams mentee penuh tugas capstone project tim ajar bas abad aplikasi microsoft sdn isola bandung sekolah program sekolah gerak respon positif giat program alam kesan moga depan mahasiswa ajar kembang program kampus merdeka usaha buka sempat mahasiswa internship bidang im grateful for the oppurtunity,Positif
131,alam tarik ikut giat studi independen microsoft ajar cloud fundamental track ilmu alam teman voucher sertifikasi gratis terimakasih,Positif
172,deciding to gabung msib was one of the best decisions have ever made being part of was great alam that couldnt imagine thank you for for giving me chance to studi many things in these past four months its fascinating and challenging time in my life ive learned various insightful knowledge these past four months from basic to advanced from fun and easy to complicated and complex lessons but thank god and provided us with knowledgeable mentor hallo ali mentor mp the mentor was very informative and he always made sure that everyone in our class clearly understood the lessons he asked our opinions and our difficulties and answered our questions anytime needed what loved the most about this program is that can take four kinds of international certifications from microsoft for free its such tempting opportunity isnt it well after all its such fantastic time with and that can never forget once again thank you,Positif
30,alam senang ikut giat ajar maribelajar teman ilmu dapat ikut giat sana terima kasih maribelajar suka maribelajar,Positif
121,haloo havid zaeni al muttaqien mahasiswa sistem informasi kampus solo universitas bina sarana informatika sempat salah serta studi independen microsoft indonesia learning track cloud fundamental selenggara kampus merdeka alam lupa temu teman teman penjuru indonesia latar jurus ajar cloud computing azure tools dukung power platform solusi end to end keman patuh identitas microsoft teknologi terimakasih mentor erick kurniawan skom mkom assisten mentor mbak keren kezia super sabar materi lupa sempat ciayoo,Positif
115,hi everyone my name is dinda sabila from indonesia university of education im currently pursuing an independent studi by the kampus merdeka at microsoft indonesia with modern productivity learning track would like to thank and who has given me the opportunity to be able to participate in this activity and also want to thank my mentor mr argo wibowo and assistant mentor kakak verren christin who has guided me during this activity and not to forget my friends in this program you teman are amazing hope we can meet again on another occasion really got lot of alam and knowledge from this program,Positif
158,hallo kenal nama sidiq tri kusuma program studi teknik elektro universitas sultan ageng tirtayasa salah murid kelas dai ikut program studi independen sertifikat microsoft kesan pesan ikut program ilmu oleh kampus wawas tahu luas tambah alam mampu olah data visualisasi data terimakasih microsoft maribelajar merdekabelajarid kampus merdeka sempat eksplorasi kampus lupa terimakasih charles bernando mentor kelas ilmu materi dapat kampus,Positif
8,assalamualaikum halo tarisa asri rahmayanti didik ipa untirta jalan studi independen sertifikat angkat moga terima sib maribelajar semangat kembang mampu minat guna microsoft cipta halhal takjub lingkup kembang microsoft teman gabung maribelajar yukk gabung alam ajar sangatt tarik dna senang,Positif
60,orang pikir oh microsoft word excel power point mah gampang normal pikir stelah mentee kelas sirrush mentor argo assisten mentor kakak syifa sadar ajar rasa tahu learning track information worker microsoft word dar copy paste microsoft excel dar masukin rumus microsoft power point dar input bahan presentasi microsoft milik word excel powerpoint masjh sesal pilih learning track information worker output godognya kelas sinkron tugas asinkron assessment uji paham sertifikasi kuasa mampu administrasi terima kasih maribelajar bulan bantu susun skripsi sedia bagi ilmu teman satusatunya ars university maribelajar sepi serah mampu mudah adaptasi bantu kenal partner tukar pikir bahu bahu survive msib batch mahasiswa semester alias skripsi wohoo dear naela ripi api ana shinta terimakasih bantu terimakasih teman senang jalan msib batch learning track information worker maribelajar harap baik naela ripi api ana shinta balas allah amin see you on top tementemen kuuu,Positif
128,hai ahnaf habib mahasiswa universitas airlangga sempat magang studi independen sertifikat menteri didik budaya riset teknologi indonesia learning path cloud fundamental track syukur menjalalani ajar microsoft indonesia ilmu alam manfaat teman keren learning path ikut bidang studi senang tantang terimakasih khusunya rancang program terimakasih insap kakak revin sebgai mentor ass mentor cf baik and shout out to lenggak program terimakasih all,Positif
1,looking at the challenge or trouble not sure lets gooo sedia to spend all of my gabut day and time to fix this see,Negatif
57,ati ikut msib instagram mitra buka lowong ikut studi independen pilih track information worker modern educatorakan sempat ikut modern educator pikir guru mudah ikut kursus paham guru sulit ikut kembang teknologi tahun modern educator ajar pohon nilai medesain ajar abad pembeljaran pusat siswa medesain ajar inklusi bantu aplikasi microsoft ajar aplikasi microsoft microsoft office word excel power point microsoft teams microsoft forms ajar sempat sertifikasi internasional ilmu kelak guna bantu kembang didik khusunya didik abad,Positif
22,iin rahmadani program studi teknik sipil universitas muhammadiyah enrekang program studi independen sertifikat program microsoft data engineer harap ikut program studi independen sertifikat tambah wawas analisis data engineer tambah skil bidang office teman teman msib batch bingung pilih mitra studi independen ayo gabung,Positif
61,hallo ahmad syafi mahasiswa program studi manajemen universitas islam malang salah serta studi independent ptmaribelajar indonesia cerdas track intelligence cloud terang aksesakses digital bas cloud virtual machine giat studi independent alam ajar tingkat mampu digital milik terima kasih pt mari ajar indonesia cerdas microsoft lembaga dukung giat studi independen,Positif
63,halo selamat pagi dinda avita riskiana salah mentee program studi independen selenggara kampus merdeka mitra maribelajar jalan lalu ajar manfaat sempat course ajar serta tugas mini exam online assesment sertifikasi lengkap ilmu bekas mana kelak manfaat bangun negeri abdi penuh konsistensi sempat ajar teoritis pandu praktik kaji capstone project latih erti terap aplikasi bentuk perangkat aplikasi bantu hidup gabung program kenang susun rapi dalam memori ingat ilmu dapat senantiasa jaga terap sesuai porsi terimakasih libat jalan program heripracoyo heri senantiasa bimbing jalan program mentor kelas dilo kakak viska ramadan senantiasa bantu koordinasi giat belakang layar keras terimakasih jumpa temu sempat,Positif
7,halo faradia nur karimah mahasiswi jurus sistem informasi program studi independen sertifikat harap ikut program ajar data analyst tambah mampu bangun relasi industri teman msib batch ragu pilih mitra maribelajar bimbing jalan industri,Positif
177,agustus kemerdakaan nkri identik riah raya merdeka sekolahsekolah instansi perintah raya merdeka lingkung institusi ayo bagi momenmomen seru kolega anak didik raya hut nkri komunitas dapat reward tarik syarat didik indonesia milik akun office domain milik aju minta akun bitkyregistrasioffice gabung anggota kelompok komunitas guru inovatif microsoft teams gabung baca tunjuk gabung bitlygabungteams unggah fot caption tarik tab conversation unsur nilai kualitas gambar terang gambar caption sesuai tema deadline september kemerdekaanindonesia update as media partner,Positif
141,hallo kenal alvia ananda mahasiswa universitas padjadjaran semester ikut salah program msib mbkm studi independen ikut pt microsoft indonesia learning track microsoft productivity the modern workplace ajar topik word excel outlook powerpoint microsoft fundamental power platform fundamentals terima program senang syukur ilmu dapat guna bantu skripsi guna banget depan alam dapat gabung microsoft salah satu ajar aplikasi sederhana chatbot paham terima kasih mentor ali asisten mentor kakak kevin bantu bimbing giat terima kasih sempat,Positif
86,hallo fidyah nur khumairoh teknologi didik universitas negeri malang ikut studi independen sertifikat maribelajar learning track modern educator track,Positif
96,hallo dhea zahrana manajemen universitas pamulang ikut studi independen sertifikat maribelajar learning track information worker track dikejarbukan tunggu diusahakanbukan dar harap impi buat takut impi besarmuhammad ali dapat twibbon twbnztwibbonmaribelajar ikut maribelajar,Negatif
68,hallo dinda avita riskiana matematika universitas diponegoro ikut studi independen sertifikat maribelajar learning track intelligence cloud track halhal henti percaya usaha ajar syukur roy bennett,Positif
50,hello teman im nolas veta from state polytechnic of jakarta im glad to be part of studi independen maribelajar microsoft which is sheltered by kampus merdeka finally graduated after going through months can say that its not an easy path but im very bahagia to found out the learning outcomes were entirely saticfactory would like to thank my mentor mr rinaldi and mrs nusaibah as my assistant mentor last but not least would like to thank my parents my friends and also thank for my self,Positif
142,alam senang ilmu dasar intermediate,Positif
157,hai abdul majid refindo salah mahasiswa alumnus serta program studi independen pt microsoft indonesia learning track data artificial intelligence program sempat ajar kembang aktivitas kelas kuliah aku kuliah paham data cerdas buat analisis data cerdas bisnis beri paham ajar ajar sinkron asinkron paham dalam giat praktik proyek capstone kumpul nyata realworld problem selesai solusi kualitas tantang butuh proses ajar kerja proyek capstone selesai sempat ikut uji sertifikasi internasional microsoft syukur ikut program tahu kesan alam materi ajar data artificial intelligence lengkap mudah paham ajar kompeten professional teman agam suportif,Positif
156,hello my name is thania ansali from polytechnic manufacture of bandung in major of automation engineering technology such an honor for me can gabung the studi independent from merdeka belajarkampus merdeka mbkm learned new topic from pt microsoft indonesia is called cloud fundamentals did two sessions in week synchronous and asynchronous in the synchronous phase we gifted an explanation about some focuses like azure fundamentals power platform security compliance and azure administrator then the asynchronous phase did the learning path on microsoft learn for the same topic in week also did the final project called capstone project to fulfill this learning track last word want to say thank you to my mentor mr erick kurniawan and also to mentor assistant mrs keren keiza who help me during this activity learn new knowledge from the explanation such good activity to gabung in to learn new thing that never tried before,Positif
139,hallo nama nor mutia rahmah universitas lambung mangkurat ikut program msib alumnus program studi independen kampus merdeka pt microsoft indonesia jalur ajar microsoft productivty the modern workplace hormat sempat ajar langsung mitraindustry pt microsoft indonesia ajar alam tahu temu teman guru indonesia bimbing mentor asmen kompeten handal bidang microsoft productivity the modern workplace buka tahu luas guna microsoft offce word excel powerpoint fitur fitur optimal guna manfaat bantu kerja manusia dunia didik bisnis program materi awam mahasiswi jurus teknologi industri tani materi microsoft outlook microsoft power platforms materi ilmu mampu guna produkproduk aplikasi microsoft materi kalah peting ajar it dasar cloud fundamentals microsoft terima kasih menteri kemendikbudristek sedia ruang mahasiswa ajar luar kampus ajar langsung mitraindustry wadah asah mampu terima kasih microsoft mentor kelas mp bu clara yunita tatang st kakak syahrir asisten mentor sabar bimbing ikut program microsoft lupa ucap terima kasih teman juang mp bantu bagi ilmu alami sulit,Positif
146,hai kenal nama natanael setiawan universitas dinamika surabaya salah mahasiswa studi independen program selenggara kampus merdeka sempat terima pt microsoft indonesia pilih cloud fundamental track ajar ambil ikut ajar teman teman ilmu alam ajar azure fundamental isi dasar dasar azure cloud computing power platform fundamental mana ajar service platform azure microsoft securitycomplianceidentity isi aman serviceplatform azure azure administrator mana ajar mengontrolmengamati masuk keluar akunkegiatan salah serviceplatform adaazure alam langka terima kasih kampus merdeka mentor kakak anis kakak hanzen mana bimbing studi independen lupa teman teman kelas cf dukung program terimakasih sempat,Positif
101,hallo mochammad yumna kansha didik ekonomiakuntansiuniversitas negeri semarang ikut studi independen sertifikat maribelajar learning track modern educator gantung impi langit mimpi langit engkau jatuh engkau jatuh bintangbintang,Positif
20,msib batch selamat sukses mahasiswa stie stmik jayakarta hasil lolos program magang studi independen sertifikat msib batch merdeka ajar kampus merdeka mbkm pt marka kreasi persada pt lentera bangsa benderang pt global investment institusi pt talenta sinergi group pt mitra meru indonesia semangat sukses ajar mahasiswa kreatif inovatif teman mahasiswa lolos seleksi patah semangat ayo update informasi program msib follow instagram,Positif
25,info acara halo unpaders daftar program msib penasaran program msib ikut acara ayo pusat kembang karier unpad ada acara kenal usaha program msib batch usaha buka lowong program magang merdeka studi independen vidio orbit academy maribelajar catat tanggal kamis januari selesai zoom meeting id passcode cdcunpad daftar pusat kembang karier unpad website cdcunpadacid instagram line oa linkedin pusat kembang karier universitas padjadjaran,Positif
134,for the last months have participate in program where studi data and at an fundamental and intermediate level alam has increased my knowledge in the field of data and tremendously can not thank the team at and enough for the wonderful alam and opportunity they have given me once again thank you sincerely zaki,Positif
71,hallo naila ilma yahdina teknik elektro universitas muhammadiyah surajarta ikut studi independen sertifikat maribelajar learning track intelligence cloud track microsoft teams atur ambil sempat,Positif
129,did you know being final year physics student during this pandemic is kzjshsbxhxyayagagsysjjs have words to say it but must keep going data and artificial intelligence are two kinds of objects that im interested in since this reason and the opportunity that was given to me from joined this program data and artificial intelligence learning path from in colaborate with thank you for creating this program and facilitating me for learning after months of studying finally became an alumnus of this program pssst cerita who here is finalyear physics student who still has lovehate relationship with physics just like new student me,Positif
144,hi kenal nama faza unsoed ikut studi independent microsoft indonesia learning track microsoft productivity the modern workplace ajar microsoft office ms word ms excel ms powerpoint ms outlook kenal microsoft fundamentals microsoft power platform fundamentals power apps power automate power bi virtual agents bahagia learning track microsoft hasil mikat layan tawar power apps bantu selesai aplikasi tugas akhircapstone automatisasi kerja manfaat power automate alam chatbot virtual agents microsoft office kejut kira ms office tahu terampil jajah ms office this all amazing journey couldnt be done without our lovely caring highly motivated mentor and our best education assistant noorsy irfanio romadhan also send my deepest gratitude to to initialize and develop this powerful program,Positif
79,hallo sarah hutahaean prodi manajemen universitas hkbp nommensen medan ikut studi independen sertifikat maribelajar learning track intelligence cloud track dapat twibbon twbnztwibbonmaribelajar ikut maribelajar,Positif
133,hi eka salah mahasiswa jurus akuntansi ikut program studi independen sertifikat sib pt microsoft indonesia learning track microsoft productivity the modern workplace senang milik sempat ajar kampus microsoft indonesia usaha bergensi bidang teknologi ilmu tahu jurus beda turut ilmu mahal sosialisasi lingkung trimakasih ilmu alam bimbing,Positif
137,halo kenal fitri khumaeroh salah serta program studi independen sertifikat kampus merdeka pt microsoft indonesia learning track microsoft productivity the modern workplace program ilmu terampil sempat sertifikat internasional guna depan ucap terimakasih sempat ajar temu teman daerah indonesia,Positif
72,hai sobat jitu terima sertifikat program kampus merdeka studi independen sertifikat pt microsoft indonesia mari ajar nur faizah azzahrah serta sib alam cerita alam faizah cek infografis slide,Positif
140,hello my name is muhammad zaynurroyhan im an informatics engineering undergraduate student from muhammadiyah university of sukabumi im one of the participants on msib kampus merdeka at pt microsoft indonesia cloud fundamentals track generally in this program was taught about microsoft cloud computing platform azure apart from that also learned about microsoft power platform and microsoft security compliance and identity during the completion of this program got lot of new insights about cloud computing world like the importance of cloud infrastructure difference between iaas paas and saas and many more this program also provides its participants to validate their skills and knowledge with several certifications issued by microsoft such as pl sc az etc thank you and for the opportunity last but not least id like to say thank you to those who have helped me lot during this program cf mentor mr muhammad arief nugroho cf mentor assistant aulia rahman and cf fellas see you on the other side,Positif
37,assalamualaikum wr wb giat studi independen maribelajar dapat ikut giat mampu teknikal nonteknikal harap ikut giat motivasi asah mampu tahan saing kerja it kompetitif sekian,Positif
